t_s,q_base_joint,q_shoulder_joint,q_elbow_joint,qref_base_joint,qref_shoulder_joint,qref_elbow_joint,kpp,kvp,kvi
0.05162634199996319,-4.924767422043175e-05,-1.0579823549253242e-05,-0.0010179101028988669,-0.00012714513610512235,-1.355776058079827e-06,-0.0010755841852558845,10.0,0.75,5.0
0.10203692200002479,2.2470421697562415e-05,1.9006231685839148e-05,-0.0010164120747857552,-0.00012714513610512235,0.000267198223896388,-0.0010755841852558845,10.0,0.75,5.0
0.15280225600008635,5.037119530526546e-05,0.00022842588056909419,-0.0010128542580170041,-0.00012714513610512235,0.001045532729156558,-0.0010755841852558845,10.0,0.75,5.0
0.2027194820002478,-0.00015223710700085213,0.0012081128598927238,-0.0010667832700907987,-0.00012714513610512235,0.002568084363060435,-0.0010755841852558845,10.0,0.75,5.0
0.2516004530002647,1.8163590872255497e-05,0.003456723277828061,-0.001117716225938814,-0.00012714513610512235,0.004964481387950477,-0.0010755841852558845,10.0,0.75,5.0
0.3013018500000726,5.898485695610134e-05,0.006899074848445388,-0.0011624698158194668,-0.00012714513610512235,0.00842563781888833,-0.0010755841852558845,10.0,0.75,5.0
0.35160324400021636,-0.00018556823251891785,0.011520585204330594,-0.0010782057344540519,-0.00012714513610512235,0.013038267667843832,-0.0010755841852558845,10.0,0.75,5.0
0.401644318000308,-7.022006780488255e-05,0.017109611061119925,-0.001161720801762911,-0.00012714513610512235,0.018863692815177843,-0.0010755841852558845,10.0,0.75,5.0
0.45145592200015017,-5.823584289932349e-05,0.024177869459596393,-0.0015549531814702533,-0.00012714513610512235,0.02594833445436197,-0.0010755841852558845,10.0,0.75,5.0
0.5015055710000524,-6.628774400763149e-05,0.03233776903216666,-0.0016296673336144707,-0.00012714513610512235,0.03428277556071474,-0.0010755841852558845,10.0,0.75,5.0
0.5516620710000097,-0.00011385013660092369,0.04173642082088182,-0.0019637276028512396,-0.00012714513610512235,0.043851461254932785,-0.0010755841852558845,10.0,0.75,5.0
0.6012131550000959,-5.617605423058336e-07,0.0522804087288722,-0.0018433235932553416,-0.00012714513610512235,0.05459928815435686,-0.0010755841852558845,10.0,0.75,5.0
0.6512590669999554,-0.00016759189516069029,0.06395053927093779,-0.0017907053557801866,-0.00012714513610512235,0.06647138574000098,-0.0010755841852558845,10.0,0.75,5.0
0.7014762660000997,-0.00016422133190618915,0.07661550092028359,-0.0018554950716747065,-0.00012714513610512235,0.07936246003297957,-0.0010755841852558845,10.0,0.75,5.0
0.7515491320000365,2.396844981067403e-05,0.09024226683835206,-0.0020273937976607037,-0.00012714513610512235,0.0931673377473652,-0.0010755841852558845,10.0,0.75,5.0
0.8013552470001741,-0.0002316325969988764,0.10465924258611749,-0.002111470625512535,-0.00012714513610512235,0.10776545389388278,-0.0010755841852558845,10.0,0.75,5.0
0.8514102510002886,3.4080139574621526e-05,0.11977762318449602,-0.0016895884581411558,-0.00012714513610512235,0.12301991989227032,-0.0010755841852558845,10.0,0.75,5.0
0.901380152999991,-0.00010841978469056102,0.13547815155166582,-0.0020193418965526178,-0.00012714513610512235,0.13878397264752526,-0.0010755841852558845,10.0,0.75,5.0
0.9513557540003603,-0.00028855766529933824,0.1514925870286124,-0.0020813228097349423,-0.00012714513610512235,0.15495459089223637,-0.0010755841852558845,10.0,0.75,5.0
1.0013654010003847,-0.0002552265397812725,0.1677649876279847,-0.002026083023062064,-0.00012714513610512235,0.17120695926105728,-0.0010755841852558845,10.0,0.75,5.0
1.051373765000335,-0.00011122858740275632,0.18408284401791597,-0.0022047228755575077,-0.00012714513610512235,0.1875698312537628,-0.0010755841852558845,10.0,0.75,5.0
1.1014250380003432,3.38928860605936e-05,0.20031006970700044,-0.0022326236491649887,-0.00012714513610512235,0.20378592574504145,-0.0010755841852558845,10.0,0.75,5.0
1.15111706100015,-0.00013875485398218146,0.21630891632889443,-0.0021440527369738227,-0.00012714513610512235,0.21972314485192931,-0.0010755841852558845,10.0,0.75,5.0
1.2012998970003537,-0.00019474365471205957,0.231807796068018,-0.002033760417142094,-0.00012714513610512235,0.23519362181607553,-0.0010755841852558845,10.0,0.75,5.0
1.2510818260002452,-0.00016515759947699493,0.24679011358168007,-0.0025350380745110535,-0.00012714513610512235,0.250066282276757,-0.0010755841852558845,10.0,0.75,5.0
1.3013185790000534,-9.04434473325555e-05,0.26107786099799535,-0.0020397525295945407,-0.00012714513610512235,0.2642108968530956,-0.0010755841852558845,10.0,0.75,5.0
1.351476274000106,-1.4980281131560247e-05,0.27454543802235026,-0.002166523158671385,-0.00012714513610512235,0.27749280663858933,-0.0010755841852558845,10.0,0.75,5.0
1.4012348850001217,-6.759851860671517e-05,0.2870145559025884,-0.0023013456888567596,-0.00012714513610512235,0.28977263493963074,-0.0010755841852558845,10.0,0.75,5.0
1.4511816090002867,-7.658668728582896e-05,0.29841810766057764,-0.0019558629552571816,-0.00012714513610512235,0.3009823738532941,-0.0010755841852558845,10.0,0.75,5.0
1.5013907679999647,-0.00013838034695390355,0.30860526059067317,-0.0019442532373799004,-0.00012714513610512235,0.31103295394229036,-0.0010755841852558845,10.0,0.75,5.0
1.551088971000354,-0.0002187121045227336,0.3176988764048442,-0.0018946310561314128,-0.00012714513610512235,0.3198652718778262,-0.0010755841852558845,10.0,0.75,5.0
1.6014024880000761,-2.1346900612728703e-05,0.3255559402316615,-0.0020644699934617705,-0.00012714513610512235,0.3274491703679351,-0.0010755841852558845,10.0,0.75,5.0
1.651310611000099,5.711232181471182e-05,0.33209913977647204,-0.001893882042074857,-0.00012714513610512235,0.333776126357352,-0.0010755841852558845,10.0,0.75,5.0
1.7011811720003607,-0.00019717795039597696,0.33752991300711854,-0.0015948381799830713,-0.00012714513610512235,0.33886939520733417,-0.0010755841852558845,10.0,0.75,5.0
1.7510529050000514,1.0298943277975425e-05,0.3417335671461865,-0.0015630050825783393,-0.00012714513610512235,0.34278269294407826,-0.0010755841852558845,10.0,0.75,5.0
1.801265099000375,-0.00014287443129346045,0.34461933105269354,-0.0013489743159094125,-0.00012714513610512235,0.3456031897357239,-0.0010755841852558845,10.0,0.75,5.0
1.8513392470003964,8.220429271021956e-05,0.3468182022559338,-0.001286618895698588,-0.00012714513610512235,0.34745546550040585,-0.0010755841852558845,10.0,0.75,5.0
1.9010959260003801,-8.894541921944388e-05,0.34791934654587053,-0.0012575946010060512,-0.00012714513610512235,0.348501433774419,-0.0010755841852558845,10.0,0.75,5.0
1.951086522999958,-6.385344832371409e-05,0.3484821837960154,-0.00115816298499416,-0.00012714513610512235,0.34894555131754523,-0.0010755841852558845,10.0,0.75,5.0
2.0011142010002914,1.8163590872255497e-05,0.3486046007808885,-0.0012044146029883684,-0.00012714513610512235,0.3490352899773219,-0.0010755841852558845,10.0,0.75,5.0
2.051134005000222,-4.700063205054228e-05,0.3486721056727382,-0.0012456103761007142,-0.00012714513610512235,0.3490357259897776,-0.0010755841852558845,10.0,0.75,5.0
2.101085439000144,-6.235542021060247e-05,0.34884873254995663,-0.0012555348123504118,-0.00012714513610512235,0.3490357259897776,-0.0010755841852558845,10.0,0.75,5.0
2.151106866000191,-3.3143872003815744e-05,0.3489799504499946,-0.0011997332651345616,-0.00012714513610512235,0.3490357259897776,-0.0010755841852558845,10.0,0.75,5.0
2.2011000480001712,-0.00028031851067678026,0.3489803717704014,-0.0012538495307228281,-0.00012714513610512235,0.3490357259897776,-0.0010755841852558845,10.0,0.75,5.0
2.2510353259999647,2.8275280636202993e-05,0.34903205374030577,-0.0011725815055836364,-0.00012714513610512235,0.3490357259897776,-0.0010755841852558845,10.0,0.75,5.0
2.301185321000048,-8.707288407783231e-05,0.3490368287049165,-0.0013435439639990499,-0.00012714513610512235,0.3490357259897776,-0.0010755841852558845,10.0,0.75,5.0
2.35098398800028,-2.303218223986825e-05,0.34900668088913894,-0.0012759454453923347,-0.00012714513610512235,0.3490357259897776,-0.0010755841852558845,10.0,0.75,5.0
2.4011689789999764,-4.700063205054228e-05,0.34903181967341307,-0.0014965300850562357,-0.00012714513610512235,0.3490357259897776,-0.0010755841852558845,10.0,0.75,5.0
2.451117288000205,-0.00011104133388872839,0.34903626694437406,-0.0013982219901298443,-0.00012714513610512235,0.3490357259897776,-0.0010755841852558845,10.0,0.75,5.0
2.500897566000276,-9.343950355900077e-05,0.3490179160999877,-0.0012796905156751137,-0.00012714513610512235,0.3490357259897776,-0.0010755841852558845,10.0,0.75,5.0
2.550909808000142,-0.00012695788259109442,0.3490148732303828,-0.001213777278695538,-0.00012714513610512235,0.3490357259897776,-0.0010755841852558845,10.0,0.75,5.0
2.6010031810001237,-0.00014549598049162782,0.34903411352896135,-0.001162095308791411,-0.00012714513610512235,0.3490357259897776,-0.0010755841852558845,10.0,0.75,5.0
2.6510835440003575,1.9661618985367113e-05,0.3490281214165087,-0.0011598482666217436,-0.00012714513610512235,0.3490357259897776,-0.0010755841852558845,10.0,0.75,5.0
2.700939433000258,-5.2430983961127e-06,0.3490429144441262,-0.0011149074232266187,-0.00012714513610512235,0.3490357259897776,-0.0010755841852558845,10.0,0.75,5.0
2.75082191599995,-8.370232082333118e-05,0.34905372833456816,-0.0010967438323543632,-0.00012714513610512235,0.3490357259897776,-0.0010755841852558845,10.0,0.75,5.0
2.8005711030000384,8.913267273369385e-05,0.349024048652576,-0.0010568588338411011,-0.00012714513610512235,0.3490357259897776,-0.0010755841852558845,10.0,0.75,5.0
2.850893233000079,-0.00016852816273149607,0.34901875874080135,-0.0010602293970958243,-0.00012714513610512235,0.3490357259897776,-0.0010755841852558845,10.0,0.75,5.0
2.900885534000281,-0.00016216154325054966,0.349058596925936,-0.0009877622871212743,-0.00012714513610512235,0.3490357259897776,-0.0010755841852558845,10.0,0.75,5.0
2.950530944000093,2.09723935844508e-05,0.3490367350781594,-0.0009654791189377399,-0.00012714513610512235,0.3490357259897776,-0.0010755841852558845,10.0,0.75,5.0
3.0009139480002887,-0.0002336923856545159,0.3490493746903643,-0.0009666026400227956,-0.00012714513610512235,0.3490357259897776,-0.0010755841852558845,10.0,0.75,5.0
3.0508149710003636,-9.362675705837376e-07,0.3490534942676755,-0.0010195953845260064,-0.00012714513610512235,0.34900868766218396,-0.0010755841852558845,10.0,0.75,5.0
3.100529714000004,7.976999702630216e-05,0.3490297130713789,-0.0009943161601162487,-0.00012714513610512235,0.34873888418966204,-0.0010755841852558845,10.0,0.75,5.0
3.1507941550003125,-4.2881054739485336e-05,0.3488609976551332,-0.0010179101028988669,-0.00012714513610512235,0.34796125123073207,-0.0010755841852558845,10.0,0.75,5.0
3.2008321510002133,-6.816027914924305e-05,0.3478617660902706,-0.0009310244723348404,-0.00012714513610512235,0.346453960711633,-0.0010755841852558845,10.0,0.75,5.0
3.2504889890001323,7.302887051752194e-06,0.3458507101617189,-0.0008755974321474902,-0.00012714513610512235,0.3440382709731815,-0.0010755841852558845,10.0,0.75,5.0
3.3009737570000652,-2.3593942782396127e-05,0.3423927463293597,-0.000969036935706491,-0.00012714513610512235,0.3405752946655499,-0.0010755841852558845,10.0,0.75,5.0
3.3508670480000546,-6.834753266327098e-05,0.3377411349710755,-0.0010003082725691392,-0.00012714513610512235,0.33596432386649344,-0.0010755841852558845,10.0,0.75,5.0
3.400466954999956,-0.00026477646900269214,0.332134296623753,-0.0007690501825985407,-0.00012714513610512235,0.33013595640075,-0.0010755841852558845,10.0,0.75,5.0
3.450844610000331,-0.00015691844485443696,0.32512305692033405,-0.0008246644762999189,-0.00012714513610512235,0.323056140597651,-0.0010755841852558845,10.0,0.75,5.0
3.5006321700002445,-7.153084240374419e-05,0.31684771555629265,-0.0006336658918706384,-0.00012714513610512235,0.3147229782890696,-0.0010755841852558845,10.0,0.75,5.0
3.550261162999959,-7.022006780488255e-05,0.30742230992174385,-0.0007308504657128623,-0.00012714513610512235,0.3051562495609057,-0.0010755841852558845,10.0,0.75,5.0
3.6008562800002437,-9.68100668135019e-05,0.2968249313555325,-0.0005085805444209335,-0.00012714513610512235,0.2944029538871688,-0.0010755841852558845,10.0,0.75,5.0
3.6507634640001925,-1.704006978719974e-05,0.2851700619748698,-0.00037975012668844954,-0.00012714513610512235,0.28253517477278844,-0.0010755841852558845,10.0,0.75,5.0
3.700494252000226,-1.685281627317181e-05,0.2723982253823251,-0.0003992244921597887,-0.00012714513610512235,0.269632618226685,-0.0010755841852558845,10.0,0.75,5.0
3.7507266120001077,-0.00015354788159993582,0.2587638288835552,-0.0004739386443040061,-0.00012714513610512235,0.25568259451396547,-0.0010755841852558845,10.0,0.75,5.0
3.8011558299999706,-0.00012414907987889912,0.24434086102333707,-0.0003745070282925589,-0.00012714513610512235,0.2411824574930713,-0.0010755841852558845,10.0,0.75,5.0
3.8504274690003513,-0.00010841978469056102,0.22934501444327798,-9.212872895991708e-05,-0.00012714513610512235,0.22598468619772755,-0.0010755841852558845,10.0,0.75,5.0
3.9019873800002642,-0.00018182316223591677,0.2132876745049026,-0.0004031568159565957,-0.00012714513610512235,0.21019779916454873,-0.0010755841852558845,10.0,0.75,5.0
3.9504582170002323,-0.0002142180201831767,0.19722523190826674,-0.00021833759749467774,-0.00012714513610512235,0.19409115330515103,-0.0010755841852558845,10.0,0.75,5.0
4.000364479000382,-0.0001101050663179226,0.1809742952429535,0.00026252942683280267,-0.00012714513610512235,0.17778453091141302,-0.0010755841852558845,10.0,0.75,5.0
4.05029871700026,-6.441520886624197e-05,0.16464656123015103,-9.362675705837376e-07,-0.00012714513610512235,0.16144138594193247,-0.0010755841852558845,10.0,0.75,5.0
4.100950046999969,-0.00016478309244871703,0.14844611279358944,7.096908186143835e-05,-0.00012714513610512235,0.14515026919407342,-0.0010755841852558845,10.0,0.75,5.0
4.1519545090000065,-0.00015729295188271486,0.13247174956867008,-0.0007040732131895489,-0.00012714513610512235,0.12911829522204202,-0.0010755841852558845,10.0,0.75,5.0
4.200832525000351,-0.00010504922143605988,0.11688736519364946,-0.00037769033803281005,-0.00012714513610512235,0.11373049084165154,-0.0010755841852558845,10.0,0.75,5.0
4.250545284000054,-9.88698554691414e-05,0.10195598063583518,-0.00047618568647367354,-0.00012714513610512235,0.09893561966174427,-0.0010755841852558845,10.0,0.75,5.0
4.300974664000023,0.00010055513709650299,0.08767778314874138,-1.666556275914388e-05,-0.00012714513610512235,0.08466319012436449,-0.0010755841852558845,10.0,0.75,5.0
4.351327370000035,-9.568654572866819e-05,0.07429367437831709,0.00037076195800933576,-0.00012714513610512235,0.07151451115079582,-0.0010755841852558845,10.0,0.75,5.0
4.401057688000037,-0.00011085408037447841,0.06180655675403164,-0.0002636529479178584,-0.00012714513610512235,0.05917646681974992,-0.0010755841852558845,10.0,0.75,5.0
4.45030673500014,-5.093295584779334e-05,0.05042011528589753,-0.0007675521544854291,-0.00012714513610512235,0.04792156188928659,-0.0010755841852558845,10.0,0.75,5.0
4.500958346000061,4.8685913678125914e-05,0.0401979225419674,-4.774964610732013e-05,-0.00012714513610512235,0.037883860745918874,-0.0010755841852558845,10.0,0.75,5.0
4.55083037400027,-7.115633537546628e-05,0.031113528963368095,9.362675707169643e-06,-0.00012714513610512235,0.029136376524417917,-0.0010755841852558845,10.0,0.75,5.0
4.601461721000305,-1.3294999504420701e-05,0.023243825524345896,-0.0005010904038553754,-0.00012714513610512235,0.02152483137000427,-0.0010755841852558845,10.0,0.75,5.0
4.650186801000018,-9.699732032775188e-05,0.016781987631431877,-0.0002818165387901139,-0.00012714513610512235,0.015221206919890706,-0.0010755841852558845,10.0,0.75,5.0
4.701584440000261,-1.1609717877059111e-05,0.011344379647519026,0.00018013788060855518,-0.00012714513610512235,0.010128276224792843,-0.0010755841852558845,10.0,0.75,5.0
4.7503012140000465,-4.606436447995854e-05,0.007166706933538838,-0.00022863654077243112,-0.00012714513610512235,0.006182896174906194,-0.0010755841852558845,10.0,0.75,5.0
4.800990746000025,-6.909654671982679e-05,0.0042891587749649684,-0.0002717048490263885,-0.00012714513610512235,0.0033585869575887273,-0.0010755841852558845,10.0,0.75,5.0
4.850594723000086,-4.9996688276987555e-05,0.0022582773806031353,0.00017302224707105296,-0.00012714513610512235,0.001539776206290977,-0.0010755841852558845,10.0,0.75,5.0
4.900469845000316,-6.0482885069212955e-05,0.0010092496278694685,-0.0002683342857716653,-0.00012714513610512235,0.0005043999471496807,-0.0010755841852558845,10.0,0.75,5.0
4.950129287999971,-0.00015504590971304744,0.00030655740934659725,-0.0004921022351762616,-0.00012714513610512235,5.990145550560655e-05,-0.0010755841852558845,10.0,0.75,5.0
5.0003173869999955,-0.00015560767025535327,7.471415214432842e-05,-0.0008164253216773609,-0.00012714513610512235,-2.972082639018936e-05,-0.0010755841852558845,10.0,0.75,5.0
5.051273973000207,-3.688894228681683e-05,5.376516524922825e-05,-0.0004894806859780942,-0.00012714513610512235,-3.0124409088269632e-05,-0.0010755841852558845,10.0,0.75,5.0
5.09993376400007,4.381732231029112e-05,6.397048177018971e-05,-0.0004074636467823467,-0.00012714513610512235,-3.0124409088269632e-05,-0.0010755841852558845,10.0,0.75,5.0
5.150000688000091,-0.00016815365570321816,6.347894129556109e-05,-0.0007448944792733947,-0.00012714513610512235,-3.0124409088269632e-05,-0.0010755841852558845,10.0,0.75,5.0
5.200116970000181,-0.00023256886456946013,2.9469021788755545e-05,-0.0006535147643704775,-0.00012714513610512235,-3.0124409088269632e-05,-0.0010755841852558845,10.0,0.75,5.0
5.2501526820001345,-0.00016834090921746814,3.604630147314991e-05,-0.0005437842050803887,-0.00012714513610512235,-3.0124409088269632e-05,-0.0010755841852558845,10.0,0.75,5.0
5.299903653000001,-5.748682884276768e-05,3.8855104185331335e-05,-0.0007325357473400018,-0.00012714513610512235,-3.0124409088269632e-05,-0.0010755841852558845,10.0,0.75,5.0
5.350105234000239,-5.224373044665498e-05,4.096170621947781e-05,-0.0009456302464383448,-0.00012714513610512235,-3.0124409088269632e-05,-0.0010755841852558845,10.0,0.75,5.0
5.401045083000099,-4.269380122523536e-05,4.16170935189919e-05,-0.0010190336239834785,-0.00012714513610512235,-3.0124409088269632e-05,-0.0010755841852558845,10.0,0.75,5.0
5.450517772000239,5.3367251531710735e-05,2.1885254465836557e-05,-0.001114158409170063,-0.00012714513610512235,-3.0124409088269632e-05,-0.0010755841852558845,10.0,0.75,5.0
5.4998887560000185,-8.59493629929986e-05,1.4371707210719675e-05,-0.0010701538333455218,-0.00012714513610512235,-3.0124409088269632e-05,-0.0010755841852558845,10.0,0.75,5.0
5.550210963000154,-0.00011253936200184,1.554204167412976e-05,-0.0011115368599718956,-0.00012714513610512235,-3.0124409088269632e-05,-0.0010755841852558845,10.0,0.75,5.0
5.600701802999993,-0.0003183309740484308,9.034982057551377e-06,-0.0011639678439325785,-0.00012714513610512235,-3.0124409088269632e-05,-0.0010755841852558845,10.0,0.75,5.0
5.650445572000081,-0.00011141584091700629,1.7367763437067807e-05,-0.002070462105914661,-0.00012714513610512235,-3.0124409088269632e-05,-0.0010755841852558845,10.0,0.75,5.0
5.699958737000088,-0.00017583104978324826,9.526522532193882e-06,-0.001954739434172126,-0.00012714513610512235,-3.0124409088269632e-05,-0.0010755841852558845,10.0,0.75,5.0
5.751479828000356,-9.437577112958451e-05,7.092226848290362e-06,-0.002284492872583588,-0.00012714513610512235,-3.0124409088269632e-05,-0.0010755841852558845,10.0,0.75,5.0
5.799897536000117,-0.00011104133388872839,9.362675707363932e-07,-0.0016236752211615801,-0.00012714513610512235,-3.0124409088269632e-05,-0.0010755841852558845,10.0,0.75,5.0
5.849835633000112,2.733901306539721e-05,1.530797478145607e-05,-0.0012396182636478237,-0.00012714513610512235,-3.0124409088269632e-05,-0.0010755841852558845,10.0,0.75,5.0
5.901281243000085,-0.00016703013461838445,1.2920492476087286e-05,-0.0011029231983212817,-0.00012714513610512235,-3.0124409088269632e-05,-0.0010755841852558845,10.0,0.75,5.0
5.95018742100001,-0.0001363205582984861,-4.447270960966643e-06,-0.0011040467194058934,-0.00012714513610512235,-3.0124409088269632e-05,-0.0010755841852558845,10.0,0.75,5.0
5.9998701500003335,-1.3107745990170727e-05,-9.947842939020402e-06,-0.0012081596732711475,-0.00012714513610512235,-3.0124409088269632e-05,-0.0010755841852558845,10.0,0.75,5.0
