t_wall,phase,dt,compute_time,q_base_joint,q_shoulder_joint,q_elbow_joint,qd_base_joint,qd_shoulder_joint,qd_elbow_joint,qref_base_joint,qref_shoulder_joint,qref_elbow_joint,qdref_base_joint,qdref_shoulder_joint,qdref_elbow_joint,tau_base_joint,tau_shoulder_joint,tau_elbow_joint,event,phase_elapsed_s,tick_wall_ns,publish_wall_ns,state_seq,state_header_sim_ns,state_rx_wall_ns,solver_success,solver_accepted,solver_status,solve_time,solver_iterations,constraint_violation,primal_residual,dual_residual,solver_rho,tau_ff_base_joint,tau_ff_shoulder_joint,tau_ff_elbow_joint,tau_feedback_base_joint,tau_feedback_shoulder_joint,tau_feedback_elbow_joint,tau_raw_base_joint,tau_raw_shoulder_joint,tau_raw_elbow_joint,saturated_base_joint,saturated_shoulder_joint,saturated_elbow_joint
1791304764.4101217,APPROACH,0.010127894,0.0048208739990514005,-0.0019645399677479247,-0.02141475953043681,-0.00031951697275456326,-5.597603160646281e-05,0.0013923148751304394,-4.200696624240253e-05,-0.0019645399677479247,-0.02141475953043681,-0.00031951697275456326,0.0,0.0,0.0,0.5589041282272724,-0.19866967725596188,0.06188899601534505,CONTROL,0.0,1791304764410121538,1791304764416094085,9671,8749000000,1791304764410008734,1,1,0,0.0032325709998985985,6,0.0,0.0,9.269820337047854e-05,0.1,0.5603223437987236,-0.1907126403346206,0.06433700239272681,-0.001418215571451109,-0.007957036921341271,-0.002448006377381761,0.5589041282272724,-0.19866967725596188,0.06188899601534505,False,False,False
1791304764.429984,APPROACH,0.009960015000000001,0.0019067880002694437,-0.001959334207693786,-0.021431509694500583,-0.0003140743194931517,-3.73651383860408e-05,-0.00353446560728087,-3.730927324203893e-05,-0.0019640615993932304,-0.021414209666779743,-0.00031903513535973206,7.16113398327319e-05,8.231412638753146e-05,7.213065221968253e-05,0.566097411214002,-0.15965550090691671,0.07367263812692035,CONTROL,0.02,1791304764429984021,1791304764432148385,9695,8768500000,1791304764429629074,1,1,0,0.00042936600038956385,14,0.0,0.0,9.863569618690366e-05,0.1,0.5611083881165803,-0.18855956141303948,0.0652405690540879,0.004989023097421823,0.02890406050612276,0.008432069072832452,0.566097411214002,-0.15965550090691671,0.07367263812692035,False,False,False
1791304764.4400654,APPROACH,0.010082407,0.002808361999996123,-0.001959320272354681,-0.0214700977334763,-0.00031445538563534825,-3.940824488700064e-05,-0.003813727671057429,-3.817293874811608e-05,-0.001962930327728982,-0.0214129093191118,-0.00031789565991952295,0.0001604790738926484,0.0001844637288145754,0.00016164283889290502,0.5704096372542107,-0.13376381237681972,0.08164377258897616,CONTROL,0.03,1791304764440065391,1791304764443215099,9711,8778500000,1791304764439666128,1,1,0,0.0007568700002593687,21,0.0,0.0,8.650654904816467e-05,0.010000000000000002,0.5614946328411413,-0.18749674939103733,0.06568704515547137,0.008915004413069319,0.053732937014217594,0.015956727433504795,0.5704096372542107,-0.13376381237681972,0.08164377258897616,False,False,False
1791304764.450118,APPROACH,0.010051497000000001,0.0019487299996399088,-0.0019601643947479985,-0.02150913477093308,-0.0003148542293489598,-0.00015436209906573514,-0.0035461577183397907,-3.784876070333284e-05,-0.001960736010089705,-0.021410387046243904,-0.0003156854294885895,0.0002841492134044511,0.00032661718548660407,0.00028620981172041446,0.5751552422385542,-0.11036918246630575,0.0887992374014098,CONTROL,0.04,1791304764450117910,1791304764452304581,9726,8789000000,1791304764450007202,1,1,0,0.0005807849993288983,22,0.0,0.0,9.872964931439481e-05,0.010000000000000002,0.5618765576592726,-0.18644001277970995,0.06613151115816969,0.01327868457928166,0.0760708303134042,0.022667726243240104,0.5751552422385542,-0.11036918246630575,0.0887992374014098,False,False,False
1791304764.4601328,APPROACH,0.010014761,0.0021544279989029747,-0.00196236377981851,-0.021543141215921047,-0.00031523115516396416,-0.000289124646720815,-0.00320789019467206,-3.749198104257721e-05,-0.001957132759176395,-0.021406245265741305,-0.0003120560484562656,0.0004421946960158691,0.0005082836067690666,0.00044540141137158355,0.581509455829322,-0.08106267995481965,0.09797692706978312,CONTROL,0.05,1791304764460132689,1791304764462590195,9742,8799000000,1791304764460012878,1,1,0,0.0006416279993572971,25,0.0,0.0,9.441089179745762e-05,0.010000000000000002,0.5622543079437886,-0.18538707854832667,0.06657509612325042,0.01925514788553342,0.10432439859350702,0.0314018309465327,0.581509455829322,-0.08106267995481965,0.09797692706978312,False,False,False
1791304764.4801035,APPROACH,0.009987299,0.002084219999233028,-0.0019701464111685496,-0.021605043871287144,-0.0003005963129307787,-0.00048705449534917086,-0.0032601544441147557,0.003348945215976022,-0.0019443372008116182,-0.021391537326874398,-0.00029916769903392333,0.0008597121036508258,0.0009882017418204887,0.0008659465791637833,0.5978013877902261,-0.025526268079054032,0.1117637223150373,CONTROL,0.07,1791304764480103487,1791304764482427697,9773,8819000000,1791304764479995099,1,1,0,0.0007092889991326956,29,0.0,0.0,9.934013599797745e-05,0.010000000000000002,0.5629978530152911,-0.18328366094980264,0.06746407159040266,0.03480353477493489,0.1577573928707486,0.04429965072463464,0.5978013877902261,-0.025526268079054032,0.1117637223150373,False,False,False
1791304764.5001059,APPROACH,0.010093132000000001,0.0021997740004735533,-0.0019742021373980734,-0.021671155492467342,-0.0001504071071911639,-0.0005247002943369675,-0.0033255938735385817,0.009347249232361163,-0.0019218614816118242,-0.021365702463357197,-0.0002765289900141744,0.0014096494480687835,0.0016203308456660278,0.0014198719689900528,0.6095522133290032,-0.006151016811997173,0.09872008459667811,CONTROL,0.09,1791304764500105680,1791304764502639456,9805,8839000000,1791304764499994688,1,1,0,0.0008088909999059979,33,0.0,0.0,9.848129860408091e-05,0.010000000000000002,0.5637263779211524,-0.18116885442198175,0.06836273429597267,0.04582583540785084,0.17501783760998457,0.030357350300705445,0.6095522133290032,-0.006151016811997173,0.09872008459667811,False,False,False
1791304764.510136,APPROACH,0.010030093,0.0022711629990226356,-0.001957954064331524,-0.021699695651158812,-6.16451292492215e-05,0.003753044897992905,-0.0023772013014308475,0.0071031904773356,-0.0019061738171017408,-0.021347670174026702,-0.00026072756141977903,0.0017332263485507217,0.001992268445836186,0.001745795390189853,0.6023742431329325,0.005543929842235867,0.10067419656145686,CONTROL,0.09999999999999999,1791304764510135872,1791304764512723385,9821,8849000000,1791304764510017813,1,1,0,0.000819906999822706,33,0.0,0.0,9.678075650081999e-05,0.010000000000000002,0.5640853432509816,-0.1801017849374839,0.06881837807831416,0.03828889988195099,0.18564571477971978,0.0318558184831427,0.6023742431329325,0.005543929842235867,0.10067419656145686,False,False,False
1791304764.530115,APPROACH,0.009986695,0.002207945999543881,-0.0018324604987096649,-0.021747218195211637,7.428377756735216e-05,0.006595012504395765,-0.0024253153362474335,0.008729859177661342,-0.0018642959838927938,-0.021299533422729364,-0.00021854603779567075,0.0024755132694333146,0.002845495037658918,0.0024934652405580017,0.5878561926728041,0.040708731197499654,0.10408767149729124,CONTROL,0.11999999999999998,1791304764530114809,1791304764532562099,9851,8869000000,1791304764530002218,1,1,0,0.0008464530001219828,36,0.0,0.0,9.900312122805095e-05,0.010000000000000002,0.5647933280543909,-0.1779377569786897,0.06974753332208736,0.02306286461841322,0.21864648817618934,0.034340138175203885,0.5878561926728041,0.040708731197499654,0.10408767149729124,False,False,False
1791304764.5499825,APPROACH,0.009972811,0.0025569690005795565,-0.0017455828677555019,-0.021796307898036993,0.00031292077878841695,0.0036080865200006263,-0.0025567173474805665,0.014373509142514304,-0.0018063260485492627,-0.021232899498609382,-0.00016015571504471331,0.0033418867805900926,0.003841353778226317,0.003366121534541082,0.6114380003699111,0.10371386736266863,0.10141583611808043,CONTROL,0.13999999999999999,1791304764549982399,1791304764552797436,9878,8888500000,1791304764549630186,1,1,0,0.0010170010009460384,41,0.0,0.0,7.58511749368276e-05,0.0010000000000000002,0.565488886497334,-0.17572011205833055,0.07070734794971838,0.04594911387257722,0.2794339794209992,0.030708488168362053,0.6114380003699111,0.10371386736266863,0.10141583611808043,False,False,False
1791304764.5600107,APPROACH,0.010028652,0.003763492000871338,-0.0017172998818786311,-0.021784447945441876,0.0003922447507003213,0.002790495560692453,0.005721212304413933,-5.77969231790763e-05,-0.0017705387189733593,-0.021191763516840798,-0.00012410886227614136,0.003820578415806532,0.004391589032222359,0.0038482845542655926,0.6122966410938742,0.0985297643196455,0.11211752408781334,CONTROL,0.15,1791304764560010577,1791304764564222861,9893,8898500000,1791304764559557637,1,1,0,0.0016358719985873904,41,0.0,0.0,7.735002120577773e-05,0.0010000000000000002,0.565832309351373,-0.17458612063877882,0.07120126650443359,0.04646433174250116,0.2731158849584243,0.04091625758337975,0.6122966410938742,0.0985297643196455,0.11211752408781334,False,False,False
1791304764.5701787,APPROACH,0.010167421000000001,0.002886351001507137,-0.0016672773623751524,-0.021720627439920648,0.0004021193196432904,0.0073247667745036825,0.005091695741338772,0.00393818031798049,-0.0017298151737505669,-0.021144953569474264,-8.308999732432079e-05,0.004329062053542735,0.0049760688998016335,0.004360455622683234,0.5938905348885415,0.07850635226593722,0.10530046464483336,CONTROL,0.16,1791304764570178488,1791304764573376418,9906,8909000000,1791304764570029695,1,1,0,0.0011291570008324925,41,0.0,0.0,7.235822337228923e-05,0.0010000000000000002,0.5661729847582263,-0.1734327025689807,0.07170584040346116,0.027717550130315217,0.2519390548349179,0.0335946242413722,0.5938905348885415,0.07850635226593722,0.10530046464483336,False,False,False
1791304764.5901365,APPROACH,0.010141405000000001,0.002558324998972239,-0.0015067768643710622,-0.02162318053726686,0.000541575201207678,0.0027380656200903064,0.010263376013506218,-5.633863904380351e-05,-0.0016323799415449752,-0.021032955999856055,1.505181742990011e-05,0.005433781979884473,0.006245896497666999,0.005473186776621055,0.5923746452244195,0.05825383372032111,0.09934634473257956,CONTROL,0.18000000000000002,1791304764590136306,1791304764593006174,9935,8929000000,1791304764590019583,1,1,0,0.0010148530000151368,41,0.0,0.0,7.36670918037482e-05,0.0010000000000000002,0.566846548351038,-0.17105980178852867,0.07275081934746579,0.02552809687338152,0.22931363550884978,0.026595525385113776,0.5923746452244195,0.05825383372032111,0.09934634473257956,False,False,False
1791304764.6099944,APPROACH,0.009996062,0.002342221001526923,-0.0014356160072397373,-0.02150176020504535,0.0007039711491003686,0.007375032352478633,0.0042191349372680655,0.01095420175062824,-0.0015117017989481779,-0.02089424171375098,0.00013660509592599917,0.006652817171280077,0.007647124530123409,0.006701062189083589,0.6084819914091761,0.10835590827002414,0.10262168488568336,CONTROL,0.20000000000000004,1791304764609994319,1791304764612589728,9964,8948500000,1791304764609571993,1,1,0,0.0009622969992051367,41,0.0,0.0,8.017885193347372e-05,0.0010000000000000002,0.5675104619268487,-0.16858610129598192,0.07384988487179699,0.04097152948232745,0.27694200956600606,0.028771800013886382,0.6084819914091761,0.10835590827002414,0.10262168488568336,False,False,False
1791304764.6200001,APPROACH,0.010005912,0.0025569970002834452,-0.001356864753404352,-0.021422070238703128,0.0007444631356250397,0.00786474181034095,0.010936049346955674,-5.795549299532354e-05,-0.0014419396885252816,-0.020814053196292374,0.00020687310846114523,0.007304201387225384,0.008395862408836543,0.00735717012466317,0.6001307266855277,0.10074759392593291,0.11596960007563462,CONTROL,0.21000000000000005,1791304764620000071,1791304764622869883,9979,8958500000,1791304764619563663,1,1,0,0.0010137629997188924,41,0.0,0.0,7.742266452550055e-05,0.0010000000000000002,0.5678390651520075,-0.1673067810349811,0.07442201838591758,0.03229166153352013,0.268054374960914,0.04154758168971704,0.6001307266855277,0.10074759392593291,0.11596960007563462,False,False,False
1791304764.6301153,APPROACH,0.010114846,0.0024472380009683548,-0.0012683504212391838,-0.021302234128373065,0.0007617280948908345,0.008766185159900752,0.010712865622701922,0.005507968509827923,-0.0013655265035418531,-0.02072621955735905,0.0002838404279375316,0.00798296595946587,0.009176072818490746,0.008040856973892343,0.5931591787499176,0.08036066519717919,0.10935445902397556,CONTROL,0.22000000000000006,1791304764630115049,1791304764632815736,9994,8969000000,1791304764630003328,1,1,0,0.0009695860007923329,41,0.0,0.0,7.230489051774874e-05,0.0010000000000000002,0.5681655689104327,-0.16599670845613418,0.07501042966055652,0.02499360983948491,0.24635737365331337,0.034344029363419036,0.5931591787499176,0.08036066519717919,0.10935445902397556,False,False,False
1791304764.640185,APPROACH,0.010070162,0.0035202090002712794,-0.0011750427528900431,-0.02121445423183932,0.0008755370745809898,0.009992126168075268,0.006196382483410214,0.01782048219610492,-0.0012821904212650533,-0.02063042834851982,0.00036778084829692235,0.00868871501072975,0.009987300715347695,0.00875172398866949,0.5946491247920839,0.08250295754843323,0.09451729552194603,CONTROL,0.23000000000000007,1791304764640184976,1791304764644091424,10009,8979000000,1791304764640034155,1,1,0,0.0014606360000470886,41,0.0,0.0,7.645439359931908e-05,0.0010000000000000002,0.5684900721052408,-0.16465408654444444,0.07561601056018886,0.02615905268684305,0.24715704409287767,0.018901284961757168,0.5946491247920839,0.08250295754843323,0.09451729552194603,False,False,False
1791304764.6601145,APPROACH,0.010005607000000001,0.0023461649998353096,-0.001024775438525971,-0.02098315578097054,0.001061744465833847,0.007135149409833236,0.016595931742484565,-5.7204908886117345e-05,-0.0010936820071259154,-0.020413746109885462,0.000557656291104083,0.010179591703762932,0.011700998752909978,0.010253412247802629,0.6100862598465542,0.0835505757017117,0.11545187684391525,CONTROL,0.25000000000000006,1791304764660114451,1791304764662717735,10037,8999000000,1791304764660005706,1,1,0,0.0009475910010223743,41,0.0,0.0,7.235823638103968e-05,0.0010000000000000002,0.5691334591584243,-0.16186413500686406,0.07688218461215571,0.040952800688129884,0.24541471070857576,0.038569692231759545,0.6100862598465542,0.0835505757017117,0.11545187684391525,False,False,False
1791304764.6799793,APPROACH,0.010002049,0.0023234729997057,-0.0007468803820778191,-0.020814575675396796,0.0013684515494611915,0.010976603239244296,0.017208408078312757,0.0038770109507095633,-0.0008743185545982582,-0.02016159734408464,0.0007786105274155369,0.01177369909824013,0.013533356000390465,0.01185907981861524,0.5977380343447457,0.11139522403628252,0.11553136679885048,CONTROL,0.2700000000000001,1791304764679979256,1791304764682535644,10067,9018500000,1791304764679591695,1,1,0,0.0009380890005559195,41,0.0,0.0,8.115616834376962e-05,0.0010000000000000002,0.5697699641792916,-0.15892306265822867,0.0782274196062112,0.027968070165454068,0.2703182866945112,0.03730394719263929,0.5977380343447457,0.11139522403628252,0.11553136679885048,False,False,False
1791304764.6900084,APPROACH,0.010029094,0.002539909000915941,-0.0006675313992818843,-0.020599643347999574,0.0013686925821581042,0.006264120163813374,0.023340503519976928,-5.635208047893164e-05,-0.0007524282923422898,-0.020021489779051185,0.0009013847156416944,0.012608493023200796,0.014492915377540222,0.012699927516997766,0.6124561758747197,0.07459565900696616,0.11722587400091766,CONTROL,0.2800000000000001,1791304764690008299,1791304764692908425,10082,9028500000,1791304764689654172,1,1,0,0.0010142009996343404,41,0.0,0.0,7.013523657342452e-05,0.0010000000000000002,0.570085854636162,-0.15739163523083746,0.07893177897209147,0.042370321238557704,0.23198729423780362,0.0382940950288262,0.6124561758747197,0.07459565900696616,0.11722587400091766,False,False,False
1791304764.7000597,APPROACH,0.010052027,0.0034108020008716267,-0.0005753240976336116,-0.02041672920887283,0.001479985206882084,0.01717631850937171,0.006086741844537902,0.033817627332568025,-0.0006220665423334541,-0.019871644606605156,0.0010326918253061694,0.013467932546148077,0.015480803799675102,0.013565599538752414,0.6062196637605687,0.09573591798825984,0.09251135725561654,CONTROL,0.2900000000000001,1791304764700059707,1791304764703827680,10096,9038500000,1791304764699618622,1,1,0,0.001345636999758426,41,0.0,0.0,7.469751322619394e-05,0.0010000000000000002,0.5704002815211675,-0.15581741319617273,0.07965839103657921,0.035819382239401176,0.25155333118443257,0.012852966219037336,0.6062196637605687,0.09573591798825984,0.09251135725561654,False,False,False
1791304764.7200747,APPROACH,0.010084309000000001,0.0036746870009665145,-0.00019464978305716585,-0.02019891955480624,0.001971613520405313,0.012505212958107676,0.025571285167677767,-6.039842902434353e-05,-0.0003349542647424239,-0.01954162150746691,0.0013218861888146941,0.015259215119545049,0.017539805355668694,0.015369872166951693,0.5948222963480594,0.08748536662622225,0.11042149686969943,CONTROL,0.3100000000000001,1791304764720074486,1791304764724167323,10120,9058500000,1791304764719891164,1,1,0,0.0015813699992577313,41,0.0,0.0,8.337430540381272e-05,0.0010000000000000002,0.5710250611500165,-0.15253413552386988,0.08118157185640258,0.023797235198042853,0.24001950215009213,0.029239925013296846,0.5948222963480594,0.08748536662622225,0.11042149686969943,False,False,False
1791304764.7302022,APPROACH,0.010127646,0.0035357609995116945,-9.590474392418002e-05,-0.01992808042269001,0.0019826989093676417,0.00977167203581793,0.025803663664205518,0.005262258461485671,-0.00017772613476501123,-0.019360894597554797,0.0014802545085394996,0.016190295868027206,0.01861004225650834,0.016307704943353832,0.615573781102442,0.0762325334643996,0.11359263977685449,CONTROL,0.3200000000000001,1791304764730202162,1791304764734075907,10132,9068500000,1791304764729999836,1,1,0,0.0013599449994217139,41,0.0,0.0,6.969641057427272e-05,0.0010000000000000002,0.5713355650684815,-0.1508219178954122,0.08197970844967056,0.04423821603396055,0.22705445135981178,0.03161293132718394,0.615573781102442,0.0762325334643996,0.11359263977685449,False,False,False
1791304764.7499888,APPROACH,0.010007798,0.0023894930000096792,0.0002779423517171864,-0.019656497027594533,0.002505818752689848,0.022937685815764386,0.017542036920830496,0.0197341715269357,0.00016523963116813574,-0.01896667033824672,0.0018257073997095868,0.018121443527423512,0.0208298126571157,0.018252856933668925,0.5968245058524052,0.14903587313937156,0.11195349288548821,CONTROL,0.34000000000000014,1791304764749988698,1791304764752673809,10158,9088000000,1791304764749566426,1,1,0,0.0009603270009392872,41,0.0,0.0,8.948861011793294e-05,0.0010000000000000002,0.5719531573826566,-0.14724860806869616,0.08365289953703696,0.024871348469748564,0.2962844812080677,0.028300593348451256,0.5968245058524052,0.14903587313937156,0.11195349288548821,False,False,False
1791304764.7601128,APPROACH,0.010123901000000001,0.0023665560001973063,0.0004714340136242612,-0.019359720820522064,0.002539648461508115,0.014175268547753537,0.03328892740931508,-5.867492370436461e-05,0.00035143215638546495,-0.018752650113391948,0.0020132501591904953,0.019120758531396952,0.02197848187249642,0.019259418787949054,0.601597388731539,0.08445724386581388,0.12508885538300868,CONTROL,0.35000000000000014,1791304764760112761,1791304764762750239,10174,9098500000,1791304764760004488,1,1,0,0.0009483320009167073,41,0.0,0.0,7.403436899087941e-05,0.0010000000000000002,0.5722603794832932,-0.14538450399411776,0.0845294467451541,0.02933700924824575,0.22984174785993164,0.04055940863785458,0.601597388731539,0.08445724386581388,0.12508885538300868,False,False,False
1791304764.7800014,APPROACH,0.010025269,0.002261744000861654,0.0008674716934446991,-0.01896869304514226,0.003114090828760574,0.0221884040759262,0.0215165738273926,0.02728201464667994,0.0007543456219156097,-0.018289518575812094,0.002419085479750971,0.02118500411432618,0.02435124255823456,0.021338633903684498,0.6049090810484287,0.12310165151942526,0.09551237906062515,CONTROL,0.37000000000000016,1791304764780001318,1791304764782492696,10203,9118000000,1791304764779615682,1,1,0,0.0009321560009993846,41,0.0,0.0,8.908319534854402e-05,0.0010000000000000002,0.5728719874288324,-0.14149405434149653,0.08636608287404139,0.032037093619596314,0.2645957058609218,0.009146296186583754,0.6049090810484287,0.12310165151942526,0.09551237906062515,False,False,False
1791304764.7901165,APPROACH,0.010114919,0.0024364720011362806,0.0010621860262354232,-0.018623727960254577,0.0031818353930779253,0.01714766962179073,0.037401761547877534,-5.903733579462611e-05,0.0009714990502072002,-0.018039910136930327,0.002637813665133324,0.022249193181368088,0.02557448169283706,0.022410540275916657,0.6075894809650795,0.08172493876830211,0.12651821178222575,CONTROL,0.38000000000000017,1791304764790116314,1791304764792861928,10219,9128500000,1791304764790006029,1,1,0,0.0009808969989535399,41,0.0,0.0,7.226314998667753e-05,0.0010000000000000002,0.573176488912266,-0.1394648458246367,0.08732758990656471,0.034412992052813444,0.2211897845929388,0.039190621875661046,0.6075894809650795,0.08172493876830211,0.12651821178222575,False,False,False
1791304764.8100164,APPROACH,0.010029045,0.006920629000887857,0.001591527811028115,-0.018210097165717976,0.003810990798926106,0.026623533035318392,0.024406623431108672,0.02936442196432227,0.0014382528150438515,-0.017503396946695907,0.0031079522432174538,0.024439863080605296,0.028092561641911703,0.024617096514064032,0.5987205299086883,0.1553509767443676,0.10916421405128879,CONTROL,0.4000000000000002,1791304764810016211,1791304764817474454,10248,9148000000,1791304764809615368,1,1,0,0.0037114030001248466,41,0.0,0.0,9.185165393589031e-05,0.0010000000000000002,0.5737831528234972,-0.13523148913649824,0.08934043441323378,0.024937377085191097,0.29058246588086584,0.01982377963805501,0.5987205299086883,0.1553509767443676,0.10916421405128879,False,False,False
1791304764.8201773,APPROACH,0.010161552,0.005977953000183334,0.0017883341808673237,-0.01783040849708062,0.003882565777234781,0.01592900408080815,0.0439193764949667,-5.8804018349789544e-05,0.0016882635501356737,-0.017216020460029735,0.0033597760106014673,0.02556561279591355,0.029386562069261005,0.02575100996116576,0.6223215474653626,0.1103527060787203,0.14053853478091016,CONTROL,0.4100000000000002,1791304764820177229,1791304764826622612,10253,9158000000,1791304764819739689,1,1,0,0.0026973960011673626,41,0.0,0.0,7.454831749173236e-05,0.0010000000000000002,0.5740854122054158,-0.13302462582347443,0.09039311589250003,0.04823613525994684,0.24337733190219474,0.05014541888841013,0.6223215474653626,0.1103527060787203,0.14053853478091016,False,False,False
1791304764.8400023,APPROACH,0.009967666,0.0025972740004363004,0.0022535590576078235,-0.017226019307703844,0.004539552698366478,0.047139604573120025,-0.00331328777678012,0.09382244760112363,0.002222551409100216,-0.01660187976034646,0.0038979384277575708,0.027876126959475275,0.032042397797566576,0.028078279552403673,0.5973823205990805,0.17499098283874182,0.05689250689601353,CONTROL,0.4300000000000002,1791304764840002382,1791304764842995620,10272,9178000000,1791304764839613830,1,1,0,0.0010688840011425782,41,0.0,0.0,9.037692312574385e-05,0.0010000000000000002,0.5746880042508794,-0.12842392508763928,0.09259426513512306,0.022694316348201016,0.3034149079263811,-0.03570175823910953,0.5973823205990805,0.17499098283874182,0.05689250689601353,False,False,False
1791304764.8500175,APPROACH,0.010015465000000001,0.0028730510002787923,0.002655502922288555,-0.017014276341311252,0.005022517576991348,0.022446193643486777,0.059209323537189565,-0.02013141080063137,0.0025072171539384886,-0.016274668844400042,0.004184668516703639,0.029060170685868515,0.033403404660032075,0.029270909748136037,0.5926514026919216,0.07700045499591826,0.12847015307386256,CONTROL,0.4400000000000002,1791304764850017556,1791304764853217224,10286,9188000000,1791304764849554833,1,1,0,0.00110601500091434,41,0.0,0.0,8.781247277725744e-05,0.0010000000000000002,0.5749884145568943,-0.1260275192154309,0.09374400326499066,0.0176629881350273,0.20302797421134916,0.03472614980887189,0.5926514026919216,0.07700045499591826,0.12847015307386256,False,False,False
1791304764.8699803,APPROACH,0.009978703,0.002408201999060111,0.0032674467140614283,-0.01625907671122384,0.005513697294704301,0.04692491005234375,0.004313465586651343,0.086213187825744,0.0031125369036214233,-0.015578880069931453,0.0047943779349057004,0.03148404261701276,0.03618954022115171,0.03171235915683014,0.586618335517363,0.20523762977150792,0.07536789900810316,CONTROL,0.46000000000000024,1791304764869980229,1791304764872672312,10315,9208000000,1791304764869578309,1,1,0,0.0009590490008122288,41,0.0,0.0,9.807785621869056e-05,0.0010000000000000002,0.5755876331012909,-0.12103635767436352,0.09614489083458962,0.011030702416072059,0.32627398744587144,-0.02077699182648646,0.586618335517363,0.20523762977150792,0.07536789900810316,False,False,False
1791304764.8899875,APPROACH,0.010011347,0.002443974000925664,0.003762517850290692,-0.015371317631921677,0.0059040026086325526,0.028274669800027137,0.040159163400097016,0.03543805961270638,0.0037670589486981385,-0.014826535392849394,0.005453646454581753,0.03397992898403014,0.03905845325005835,0.034226345236963364,0.6470467800866003,0.13948054548851863,0.12870002961135152,CONTROL,0.48000000000000026,1791304764889987222,1791304764892750177,10345,9228000000,1791304764889659807,1,1,0,0.0009810240007936954,41,0.0,0.0,7.139253523816254e-05,0.0010000000000000002,0.5761849022472741,-0.1157726938977689,0.0986849637858133,0.07086187783932621,0.2552532393862875,0.03001506582553823,0.6470467800866003,0.13948054548851863,0.12870002961135152,False,False,False
1791304764.9099994,APPROACH,0.010021595000000001,0.002293325000209734,0.004662382957475231,-0.014750200494243693,0.006915587285413416,0.030983203002425283,0.06770224828902288,-0.011699382525803076,0.004472195395813351,-0.01401601165786732,0.006163896422716577,0.036545016199658636,0.04200690965033612,0.036810033997651564,0.5815513306888856,0.09668019330265709,0.14515718147996728,CONTROL,0.5000000000000002,1791304764909999440,1791304764912541974,10375,9248000000,1791304764909630426,1,1,0,0.0009347950017399853,41,0.0,0.0,8.997870145428056e-05,0.0010000000000000002,0.5767803982110126,-0.11022722248801808,0.10136881653936904,0.004770932477873124,0.20690741579067518,0.04378836494059824,0.5815513306888856,0.09668019330265709,0.14515718147996728,False,False,False
1791304764.9200068,APPROACH,0.010007079,0.002471175999744446,0.004949761991374757,-0.014123786921830472,0.006971532178048356,0.03466761946144518,0.04333592992474759,0.04527041980106348,0.004844169977294196,-0.01358844302440114,0.006538568496078526,0.03785263845938974,0.043509964672153456,0.03812713889572621,0.6030902568278438,0.08034906457233082,0.1072952541732264,CONTROL,0.5100000000000002,1791304764920006648,1791304764922850248,10390,9258000000,1791304764919614935,1,1,0,0.00096550499984005,40,0.0,0.0,9.79450993292671e-05,0.010000000000000002,0.5770775211406598,-0.10734600609407113,0.10276604314145549,0.02601273568718404,0.18769507066640195,0.004529211031770917,0.6030902568278438,0.08034906457233082,0.1072952541732264,False,False,False
1791304764.930033,APPROACH,0.010026156000000001,0.002529777999370708,0.005365165481769907,-0.0138571510337826,0.007739316004561125,0.047284569297458626,0.018642988791904916,0.08893560707806611,0.005229302357067272,-0.013145750072996794,0.0069264937856882165,0.0391765183967078,0.04503170718858807,0.0394606193691031,0.6144745786615468,0.21489152983957766,0.07277902990784406,CONTROL,0.5200000000000002,1791304764930032880,1791304764932830257,10404,9268000000,1791304764929774067,1,1,0,0.0010833380001713522,42,0.0,0.0,7.27319846293257e-05,0.0010000000000000002,0.5773742416010562,-0.10439102227362301,0.10420084990987431,0.03710033706049057,0.31928255211320067,-0.031421820002030254,0.6144745786615468,0.21489152983957766,0.07277902990784406,False,False,False
1791304764.9401958,APPROACH,0.010165302000000001,0.010531119000006584,0.0057371473144423035,-0.01346861822842449,0.008173555545683442,0.023204344818802406,0.0773545810205724,-0.020020160193388453,0.005627753390954013,-0.01268774790687052,0.0073278343138641865,0.040516312109475164,0.04657174189906202,0.04081012902172892,0.6449028369586526,0.16110388171598425,0.16789216762438325,CONTROL,0.5300000000000002,1791304764940195540,1791304764951994133,10418,9277500000,1791304764939859839,1,1,0,0.005494809000083478,41,0.0,0.0,9.826100786201024e-05,0.0010000000000000002,0.5776705658081904,-0.10136121562756426,0.10567375680101392,0.06723227115046217,0.2624650973435485,0.06221841082336935,0.6449028369586526,0.16110388171598425,0.16789216762438325,False,False,False
1791304764.9526935,APPROACH,0.012497704,0.0053924379990348825,0.005859479989209326,-0.012131809853494602,0.007310853966323805,-8.692213798668354e-06,0.13221185012352782,-0.11060925256875803,0.006039680504416993,-0.012214255572287159,0.007742748647689776,0.041871677428058675,0.04812967549443606,0.04217532320261871,0.6612966077152634,-0.15262911059004144,0.27426268405162096,CONTROL,0.5400000000000003,1791304764952693164,1791304764958602777,10419,9290000000,1791304764952285171,1,1,0,0.002159670999390073,34,0.0,0.0,9.621277540014144e-05,0.010000000000000002,0.5779664963737733,-0.09825555455375666,0.10718527174895762,0.0833301113414902,-0.05437355603628478,0.16707741230266335,0.6612966077152634,-0.15262911059004144,0.27426268405162096,False,False,False
1791304764.9700987,APPROACH,0.009830959,0.005197394000788336,0.006830542725259292,-0.011586734693900702,0.008858188716546422,0.07076183462055029,-0.002363066843383726,0.17397080025610798,0.006904575624077966,-0.01122009617856511,0.008613915829151327,0.044627762866663916,0.05129767606052087,0.04495139527059166,0.5794937419756374,0.03530892590971654,-0.016397685617610375,CONTROL,0.5600000000000003,1791304764970098700,1791304764975835208,10431,9307500000,1791304764969796516,1,1,0,0.0021796639994136058,39,0.0,0.0,9.6864759287518e-05,0.010000000000000002,0.5785571688218673,-0.09181266138432231,0.11032609754587919,0.0009365731537701523,0.12712158729403886,-0.12672378316348956,0.5794937419756374,0.03530892590971654,-0.016397685617610375,False,False,False
1791304764.990172,APPROACH,0.010152002,0.008718676999706076,0.007775130535867092,-0.010610532973369224,0.010393801635797395,0.021453281173672737,0.12805807721031778,-0.10155190534996084,0.007825179170925393,-0.010161902366174348,0.009541195425161712,0.047442072005547634,0.0545326022425021,0.04778611326650758,0.6103575803225567,-0.13288170189469561,0.1710891938909626,CONTROL,0.5800000000000003,1791304764990171859,1791304764999494667,10451,9327500000,1791304764989806899,1,1,0,0.0038844889986648923,37,0.0,0.0,9.433932342047022e-05,0.010000000000000002,0.5791462066011729,-0.08505456390539189,0.11362715098435804,0.031211373721383884,-0.04782713798930372,0.05746204290660458,0.6103575803225567,-0.13288170189469561,0.1710891938909626,False,False,False
1791304765.0002441,APPROACH,0.010071658,0.00454990699836344,0.007936128635214423,-0.008983692365856832,0.008480312892744202,0.011964131989625442,0.19270246462442092,-0.27030217515789856,0.008306729214401414,-0.00960838149597149,0.010026237581801621,0.04887022344637107,0.05617420032564175,0.04922462140133217,0.6124731451864582,-0.07143395902157612,0.6163231223721302,CONTROL,0.5900000000000003,1791304765000243892,1791304765005145539,10452,9337500000,1791304764999813898,1,1,0,0.0015323870011343388,44,0.0,0.0,8.843678749311125e-05,0.0010000000000000002,0.5794400798691088,-0.0815549859096159,0.11533890565043464,0.033033065317349404,0.010121026888039779,0.5009842167216956,0.6124731451864582,-0.07143395902157612,0.6163231223721302,False,False,False
1791304765.0200398,APPROACH,0.010052142,0.003541516000041156,0.010341629551149367,-0.01053134511132292,0.014146246253284644,-0.03507064808575581,0.09852986305217287,0.08411950565631354,0.009313011894460058,-0.008451703239407565,0.011039817640484223,0.0517668611977494,0.05950375967368328,0.052142265041838026,0.7221806663166396,0.0770127825750992,-0.21626008445834546,CONTROL,0.6100000000000003,1791304765020039733,1791304765023997137,10475,9357500000,1791304765019646849,1,1,0,0.0014512840007228078,46,0.0,0.0,8.483027232447396e-05,0.0010000000000000002,0.5800264369544519,-0.07431032184547805,0.11888705163218924,0.1421542293621877,0.15132310442057725,-0.3351471360905347,0.7221806663166396,0.0770127825750992,-0.21626008445834546,False,False,False
1791304765.0399776,APPROACH,0.009987426,0.0024205359986808617,0.008530886580728314,-0.004851988993845424,0.008499283643911504,0.34934562614204256,-0.29962567151600544,0.6335651430752238,0.010377747577539048,-0.0072278357933998165,0.012112274592713362,0.05471508715727968,0.06289261742747791,0.05511187099878058,0.23628910605816295,-0.9011944026814399,-0.07406142839347533,CONTROL,0.6300000000000003,1791304765039977564,1791304765042674979,10500,9377500000,1791304765039642662,1,1,0,0.0010050559994851938,44,0.0,0.0,9.590210432443733e-05,0.0010000000000000002,0.58061076598851,-0.06673265420735396,0.12260414856237505,-0.3443216599303471,-0.8344617484740859,-0.19666557695585038,0.23628910605816295,-0.9011944026814399,-0.07406142839347533,False,False,False
1791304765.0499923,APPROACH,0.010014475,0.003938724999898113,0.014187547577473758,-0.01129179298590266,0.020522448582830144,0.5521812152448264,-0.6779253042198018,1.2471542531891806,0.010932351595665071,-0.0065903425507138035,0.012670900498115034,0.05620773035518481,0.06460834598570402,0.0566153385731571,-0.41909791026357923,0.26825959375781977,-0.7397164415292139,CONTROL,0.6400000000000003,1791304765049992135,1791304765054300987,10515,9387500000,1791304765049665492,0,1,1,0.0022599049989366904,100,0.0,0.00042138487801302027,0.0032385355931905504,0.1,0.5809020897364208,-0.06281690929400835,0.12452704733296557,-1.0,0.3310765030518281,-0.8642434888621795,-0.41909791026357923,0.26825959375781977,-0.7397164415292139,False,False,False
1791304765.060229,APPROACH,0.010237358,0.006348229000650463,0.017143679936098444,-0.014533833038069766,0.0266761400835005,-0.22089821139713658,0.44453187648907283,-0.7633415024243807,0.011501941924734072,-0.005935623194175928,0.013244621392455733,0.057712295638236474,0.06633777846325137,0.0581308146894691,-0.4188071976043588,-0.5809995186884199,-0.6019936251891335,CONTROL,0.6500000000000004,1791304765060228939,1791304765067485388,10528,9398000000,1791304765060038248,0,0,1,0.0038238190008996753,100,0.0,0.0011138507584753654,0.002076181251017023,0.1,0.5811928023956412,-0.0588155183442991,0.1264933525352255,-1.0,-0.5221840003441208,-0.728486977724359,-0.4188071976043588,-0.5809995186884199,-0.6019936251891335,False,False,False
1791304765.0801163,APPROACH,0.010125858000000001,0.0034791020007105544,-0.004662237734083696,0.017895120484407556,-0.031176488413322545,-1.3356147735537525,1.6256625922818178,-2.9468031222013984,0.01268654876060698,-0.004573969061808937,0.014437818781235096,0.06075590867396594,0.06983627952024822,0.06119649945230535,-0.4182277808212783,-2.0505528216592053,0.21660971888250172,CONTROL,0.6700000000000004,1791304765080116328,1791304765083873968,10546,9418000000,1791304765080002414,0,1,1,0.002042351999989478,100,0.0,0.0001464238612775004,8.905848298158548e-05,0.1,0.5817722191787217,-0.050552821659205154,0.1305576297799377,-1.0,-2.0,0.08605208910256401,-0.4182277808212783,-2.0505528216592053,0.21660971888250172,False,False,False
1791304765.1001043,APPROACH,0.010003646000000001,0.003381542999704834,-0.02134191385743822,0.020770639990824513,-0.03654953823394802,-0.26449527759322405,-1.5364523249955404,2.883320079321819,0.013932470627587294,-0.0031418359629567585,0.015692775846554204,0.06384337601788576,0.07338518920073193,0.06430635654678349,-0.4176513737663088,-2.041938842150004,-0.11441069148597316,CONTROL,0.6900000000000004,1791304765100104195,1791304765103733473,10572,9438000000,1791304765099996953,0,1,1,0.0020594649995473446,100,0.0,0.003287270284559047,0.010811626102737115,1.0,0.5823486262336912,-0.0419388421500042,0.13479975696451432,-1.0,-2.0,-0.24921044845048748,-0.4176513737663088,-2.041938842150004,-0.11441069148597316,False,False,False
1791304765.1200416,APPROACH,0.010031936,0.0036734959994646488,-0.02953425927461506,-0.015503326753125712,0.033748720164995305,-0.8024642045641945,-1.5613580530223494,3.0301857085489066,0.015240559340373595,-0.001638244773601867,0.017010350580316608,0.0669721751434851,0.0769816079699848,0.06745784515349015,-0.4170784302719117,-2.032968226984536,-0.8607776785458674,CONTROL,0.7100000000000004,1791304765120041374,1791304765124253848,10597,9457500000,1791304765119672069,0,1,1,0.0021719050000683637,100,0.0,0.0035397890391295483,0.04796654576896686,0.1,0.5829215697280883,-0.03296822698453591,0.13922232145413263,-1.0,-2.0,-1.0,-0.4170784302719117,-2.032968226984536,-0.8607776785458674,False,False,False
1791304765.1300929,APPROACH,0.010050932,0.003458871000475483,-0.0400393412160307,-0.028013261006146983,0.05750516469960143,-1.2696855563107308,-0.9761943645482385,1.7920150635488445,0.015918168721608096,-0.0008593622058605567,0.017692873861305126,0.06855129341458707,0.07879673587084465,0.06904841490253624,-0.4167934167461771,-2.028347608871878,-0.8584979754689746,CONTROL,0.7200000000000004,1791304765130092776,1791304765133812275,10609,9467500000,1791304765129984029,0,1,1,0.002073293000648846,100,0.0,0.006563698210433673,0.04287906403919539,1.0,0.5832065832538229,-0.02834760887187801,0.14150202453102545,-1.0,-2.0,-1.0,-0.4167934167461771,-2.028347608871878,-0.8584979754689746,False,False,False
1791304765.150179,APPROACH,0.010163990000000001,0.003970714000388398,-0.07309795810144681,-0.03668991667519972,0.06989402061307004,-2.065226176243116,-0.0025816869992696945,-0.35552376207467595,0.017320995253099065,0.0007531259933917962,0.019105873435169663,0.07173742111315458,0.08245905134600946,0.07225764781857541,-0.4162266602817636,-2.0188328077969824,-0.8538003172957214,CONTROL,0.7400000000000004,1791304765150178728,1791304765154681301,10634,9487000000,1791304765149704487,0,1,1,0.0021879949999856763,100,0.0,0.0041567308970038575,0.01902114642605479,1.0,0.5837733397182364,-0.018832807796982518,0.1461996827042786,-1.0,-2.0,-1.0,-0.4162266602817636,-2.0188328077969824,-0.8538003172957214,False,False,False
1791304765.1600354,APPROACH,0.009854063000000001,nan,-0.0944560439990445,-0.03659682599448555,0.06489114635744109,-2.2032108147536027,0.009281045139359956,-0.6157545467197367,0.01804639424991239,0.0015869406496257232,0.019836532893320626,0.07334381723403713,0.0843055339510218,0.07387569323139793,-0.4162256602817636,-2.0188328077969824,-0.8538003172957214,ABORT_TRACK_ERROR_PREVIOUS_TAU,0.7500000000000004,1791304765160035436,1791304765154681301,10645,9497000000,1791304765159763115,0,0,-1,nan,-1,nan,nan,nan,nan,nan,nan,nan,nan,nan,nan,nan,nan,nan,nan,nan,nan
