t_wall,phase,dt,compute_time,q_base_joint,q_shoulder_joint,q_elbow_joint,qd_base_joint,qd_shoulder_joint,qd_elbow_joint,qref_base_joint,qref_shoulder_joint,qref_elbow_joint,qdref_base_joint,qdref_shoulder_joint,qdref_elbow_joint,tau_base_joint,tau_shoulder_joint,tau_elbow_joint,solver_success,solver_accepted,solver_status,solve_time,solver_iterations,constraint_violation,tau_ff_base_joint,tau_ff_shoulder_joint,tau_ff_elbow_joint,tau_feedback_base_joint,tau_feedback_shoulder_joint,tau_feedback_elbow_joint,tau_raw_base_joint,tau_raw_shoulder_joint,tau_raw_elbow_joint,saturated_base_joint,saturated_shoulder_joint,saturated_elbow_joint
1790677940.2663586,APPROACH,0.010104440000000001,0.007067110000207322,0.00030383202961625777,-0.006215102008923168,0.001052194210753532,0.00017202820035135013,-0.0054671738051441186,-4.297185688451749e-05,0.00030383202961625777,-0.006215102008923168,0.001052194210753532,0.0,0.0,0.0,0.5822194013886591,-0.05309115520937337,0.1175442115298779,1,1,0,0.004941655000038736,25,0.0,0.5617432067385466,-0.12403964571953996,0.08884284463691175,0.020476194650112516,0.07094849051016659,0.028701366892966155,0.5822194013886591,-0.05309115520937337,0.1175442115298779,False,False,False
1790677940.2762809,APPROACH,0.009922346,0.004941866000081063,0.00030536047763773944,-0.006264353235371445,0.001051807166021268,0.00013313007478491334,-0.005592496609008284,-4.373185724973385e-05,0.0003038904439229337,-0.006215035845381069,0.0010522531198181363,1.7643891483531344e-05,1.9984528164303245e-05,1.7793331846599e-05,0.5799031577056404,-0.05600113656216833,0.11651135321525263,1,1,0,0.0037421950000862125,17,0.0,0.5621283254445905,-0.12297836042001932,0.08928815426576882,0.01777483226104992,0.06697722385785099,0.02722319894948381,0.5799031577056404,-0.05600113656216833,0.11651135321525263,False,False,False
1790677940.2863219,APPROACH,0.010040789000000001,0.004835454000385653,0.00030245370841597286,-0.006311943557308908,0.0010513429836860322,-0.0003738192420835179,-0.0035727822676220214,-4.004918437757821e-05,0.0003043063277502033,-0.006214564790451554,0.0010526725261013334,7.113341162344376e-05,8.056996209359859e-05,7.173589792127498e-05,0.5780794444710944,-0.0686077541795132,0.11116763153192635,1,1,0,0.003781799000535102,18,0.0,0.5625134890260756,-0.12191502738656039,0.08973450527088833,0.015565955445018775,0.053307273207047194,0.021433126261038028,0.5780794444710944,-0.0686077541795132,0.11116763153192635,False,False,False
1790677940.2963784,APPROACH,0.010056729,0.0044620380003834725,0.000298940536383574,-0.0063482724869725615,0.001050941680121431,-0.0003247032149072686,-0.0037500540559096767,-4.038241391702375e-05,0.00030543999417514294,-0.0062132807319648375,0.0010538157944625748,0.00016020563304874378,0.00018145849450111547,0.00016156254390883577,0.5791718068127395,-0.06353687162594082,0.11324713812769677,1,1,0,0.0034639880004760926,17,0.0,0.5628948166396348,-0.12085839560942695,0.09017841057616326,0.016276990173104692,0.05732152398348613,0.023068727551533504,0.5791718068127395,-0.06353687162594082,0.11324713812769677,False,False,False
1790677940.3062782,APPROACH,0.009899883,0.004429254999195109,0.00029611599541090605,-0.00638283179329413,0.0010505757334724475,-0.0003238257334704653,-0.0038548755247798465,-4.0825454505149204e-05,0.00030760182231307897,-0.0062108321159466936,0.0010559959328685221,0.00028216555890987234,0.00031959761055513474,0.0002845554468553994,0.5832687000248233,-0.0529439928357749,0.11742675505593421,1,1,0,0.0033991549998972914,19,0.0,0.5632659865820292,-0.11982420431616957,0.09061342482303839,0.020002713442794116,0.06688021148039466,0.02681333023289582,0.5832687000248233,-0.0529439928357749,0.11742675505593421,False,False,False
1790677940.3162823,APPROACH,0.010003689000000001,0.0052516330006255885,0.00029262911040794926,-0.0064208969269774485,0.001050167260016499,-0.00040392573759167986,-0.0037485986107528412,-4.123673902884815e-05,0.0003111831904390896,-0.006206775643923625,0.001059607634492873,0.00043952522477220174,0.0004978325921795888,0.0004432479187838181,0.5987729618187845,-0.006520206471621798,0.13668952068437745,1,1,0,0.00430024199977197,25,0.0,0.5636369404865595,-0.11878294916525732,0.0910521266778129,0.03513602133222488,0.11226274269363552,0.04563739400656455,0.5987729618187845,-0.006520206471621798,0.13668952068437745,False,False,False
1790677940.3262682,APPROACH,0.009986356,0.0041284159997303504,0.0002882725257717933,-0.006458250057434611,0.0010532845686712644,-0.0005635135642289659,-0.003910839123036155,0.001201046299530704,0.00031649760063254354,-0.006200756224665302,0.001064967056717235,0.0006304003099202014,0.000714029144882514,0.0006357396791449764,0.5927879326224973,-0.02818787297863906,0.12669983025071718,1,1,0,0.0032388320005338755,19,0.0,0.5640032658503404,-0.11774508692743767,0.09149028879540912,0.028784666772156894,0.0895572139487986,0.03520954145530806,0.5927879326224973,-0.02818787297863906,0.12669983025071718,False,False,False
1790677940.3363054,APPROACH,0.010036672,0.0040918869999586605,0.00028815271988302804,-0.006496087341266943,0.0010920034430019765,-0.0005686950543648461,-0.0037065289967569168,0.0053122378605389015,0.00032392800011411897,-0.006192340109215364,0.0010724603902514996,0.0008558267078484103,0.0009693605836741596,0.0008630753952518235,0.5911007166546371,-0.04333807652629229,0.1173267587411931,1,1,0,0.0031681479995313566,17,0.0,0.5643675563307293,-0.11670139548622059,0.09193197587946125,0.026733160323907865,0.0733633189599283,0.02539478286173184,0.5911007166546371,-0.04333807652629229,0.1173267587411931,False,False,False
1790677940.3462248,APPROACH,0.009919760000000001,0.0059800820008604205,0.0002841731776646039,-0.006531437289325481,0.0011513176024544602,-0.0005296294444131791,-0.003498703839291107,0.005335229602085189,0.00033365803089038717,-0.0061813192936390855,0.001082272832514668,0.0011112996096592357,0.0012587244922098787,0.001120712103342924,0.6069727612589614,0.005307282057661303,0.13738944969177438,1,1,0,0.0049123799999506446,25,0.0,0.564723907884577,-0.11566713627057923,0.09237087855108912,0.04224885337438428,0.12097441832824053,0.045018571140685255,0.6069727612589614,0.005307282057661303,0.13738944969177438,False,False,False
1790677940.3562782,APPROACH,0.010053404,0.0053855759997532004,0.0002837626057370368,-0.006566933842846012,0.0012061709965782708,0.00302611227566572,-0.0026915151836287366,0.006214394930199613,0.0003462689148714274,-0.006167035451192475,0.0010949905282544685,0.0014029340013375859,0.0015890470698348544,0.001414816582156876,0.5915826608465754,-0.02774954644954944,0.12373231059857885,1,1,0,0.004287929000383883,20,0.0,0.5650814387918515,-0.11461403580731312,0.09281915600508564,0.026501222054723987,0.08686448935776368,0.030913154593493215,0.5915826608465754,-0.02774954644954944,0.12373231059857885,False,False,False
1790677940.366297,APPROACH,0.010018807000000001,0.006139803999758442,0.00029868802953525453,-0.0065984310974940286,0.0012820947268170624,-0.0005370112954471016,-0.0037116879181671096,0.008357182221217863,0.00036191579100200563,-0.006149312862215617,0.0011107699304126531,0.0017259141819837287,0.0019548737653038934,0.0017405323427347175,0.6145279027379802,0.02175276256023989,0.14151361244279498,1,1,0,0.005028901000514452,26,0.0,0.5654342368166223,-0.11355752656011292,0.09327041261678157,0.04909366592135787,0.1353102891203528,0.04824319982601342,0.6145279027379802,0.02175276256023989,0.14151361244279498,False,False,False
1790677940.3762805,APPROACH,0.009983541,0.005055301000538748,0.0003088653533633856,-0.00663137894179755,0.0013793859760447003,0.003029456343646408,-0.0031117968910904467,0.011236456814483596,0.0003808852105417371,-0.006127826961590685,0.0011299000172828228,0.0020794652465466685,0.002355326874748167,0.002097077916728899,0.5943923120647742,-0.02421860764069529,0.12135280366971148,1,1,0,0.003950279000491719,18,0.0,0.5657824364993325,-0.11249567090487854,0.09372560769905175,0.028609875565441735,0.08827706326418325,0.027627195970659726,0.5943923120647742,-0.02421860764069529,0.12135280366971148,False,False,False
1790677940.3862808,APPROACH,0.010000313,0.006014816999595496,0.000348234859051777,-0.006658034912144117,0.0014995620393605247,0.003991981389364409,-0.0023002297441027347,0.011976115479151226,0.00040358194106191706,-0.006102119285325417,0.001152788984739653,0.0024649285225901573,0.0027919256660967704,0.00248580599248933,0.6012435075566541,0.00056881808559546,0.131152087163343,1,1,0,0.004934793000757054,25,0.0,0.5661279811338156,-0.11142090603834205,0.09418812101894648,0.03511552642283852,0.11198972412393751,0.03696396614439652,0.6012435075566541,0.00056881808559546,0.131152087163343,False,False,False
1790677940.3962789,APPROACH,0.009998179000000001,0.005054628999459965,0.0003869158861549149,-0.00668192634122633,0.0016221447938657985,0.004219888942666242,-0.00256333657217225,0.013224345974951738,0.0004302822876453181,-0.006071876873735509,0.0011797154781167576,0.002881232437828618,0.003263456412403967,0.0029056359217195333,0.5932430482288287,-0.02569199273981991,0.11880800694874538,1,1,0,0.004000764999545936,18,0.0,0.566470326960831,-0.1103332127369101,0.09465810179541773,0.02677272126799772,0.08464121999709019,0.02414990515332765,0.5932430482288287,-0.02569199273981991,0.11880800694874538,False,False,False
1790677940.4062836,APPROACH,0.010004681000000001,0.005950755999947432,0.00043448323166717095,-0.006705946175157962,0.0017624944344214466,0.004832966106438906,-0.002232256901726337,0.01390844702908503,0.00046131941608142557,-0.006036722363294915,0.0012110154850536992,0.0033283463097527593,0.003769884360822198,0.0033565367620352732,0.6069501079215083,0.018357567692967522,0.13637241375235232,1,1,0,0.004891010000392271,24,0.0,0.5668098820640992,-0.10922963912664031,0.09513695870067732,0.040140225857409007,0.12758720681960783,0.04123545505167501,0.6069501079215083,0.018357567692967522,0.13637241375235232,False,False,False
1790677940.4162848,APPROACH,0.010001124,0.006034363999788184,0.00048266563857413125,-0.006729962154841118,0.0019019761571656968,0.005509629395466232,-0.0027508062666651086,0.015202488371997004,0.00049696735162502,-0.0059963453765890535,0.001246965351746395,0.0038054253479419997,0.0043102526511276966,0.0038376565678037928,0.6126106320417355,0.037457909827473684,0.14304389778316487,1,1,0,0.0049489089997223346,25,0.0,0.5671464157420173,-0.10810931073851654,0.09562519862662035,0.04546421629971824,0.14556722056599022,0.04741869915654452,0.6126106320417355,0.037457909827473684,0.14304389778316487,False,False,False
1790677940.4262838,APPROACH,0.009999230000000001,0.006074319999243016,0.0005501512406878017,-0.006758127436345518,0.002074511815260527,0.00802463660820526,-0.002972959602637653,0.019544040928045042,0.0005375273606719173,-0.005950404681255561,0.0012878688962590175,0.004312117425295808,0.00488416244307796,0.00434864022947583,0.6066164461693316,0.028885073468272224,0.13683048238688283,1,1,0,0.004981701999895449,25,0.0,0.5674800959212165,-0.106970104766318,0.09612386611770556,0.03913635024811513,0.13585517823459023,0.040706616269177286,0.6066164461693316,0.028885073468272224,0.13683048238688283,False,False,False
1790677940.4363654,APPROACH,0.010081998,0.004461736999473942,0.0006462599635062016,-0.006787308677610682,0.002294774320713122,0.010714926431365557,-0.0028244341347870763,0.023886250019293603,0.0005837021602684523,-0.005898104337882936,0.0013344347875159565,0.004852662812382909,0.005496416521063498,0.004893763931895251,0.5844362047279166,-0.02576902203996323,0.11157849487887128,1,1,0,0.003378936999979487,18,0.0,0.5678138226885784,-0.10580019009416912,0.09663828383509358,0.016622382039338204,0.08003116805420589,0.014940211043777706,0.5844362047279166,-0.02576902203996323,0.11157849487887128,False,False,False
1790677940.4462879,APPROACH,0.009921874,0.00568706700050825,0.0007605209909662403,-0.00681208309757686,0.0025398877829718725,0.01083229095831994,-0.0021183440206327996,0.023530427739664066,0.0006346075924388217,-0.005840445796745663,0.0013857713788936218,0.005413298577823403,0.006131426164759109,0.0054591481743037846,0.5997846832679057,0.02158000666020407,0.13056118341517253,1,1,0,0.0047701909998068,25,0.0,0.5681396911427193,-0.10462611151781756,0.09715686345820336,0.031644992125186386,0.12620611817802163,0.03340431995696916,0.5997846832679057,0.02158000666020407,0.13056118341517253,False,False,False
1790677940.4562845,APPROACH,0.009996586,0.0062834159998601535,0.0008595915957625433,-0.006835324291280642,0.002768403530099439,0.010000723479992375,-0.0026442616798094797,0.02349461785782533,0.0006916636572804478,-0.005775820680691414,0.0014433106976168026,0.006006524092329627,0.006803348910004882,0.006057398194676617,0.6121142415666289,0.055168983861544146,0.14325732616968762,1,1,0,0.00513399000010395,25,0.0,0.5684655490531163,-0.10341850936010974,0.09769264800991387,0.04364869251351254,0.15858749322165389,0.045564678159773754,0.6121142415666289,0.055168983861544146,0.14325732616968762,False,False,False
1790677940.466285,APPROACH,0.010000663,0.006345101999613689,0.000964869603233387,-0.006863385040027481,0.0030183189376760122,0.011545112741435768,-0.0030873639549805062,0.02708841040119334,0.0007548176387092249,-0.005704288699114146,0.0015069995811063123,0.006628084753155494,0.007507365738927895,0.006684223354601738,0.6122307814282529,0.06107873133993755,0.14291097565634042,1,1,0,0.0051595680006357725,25,0.0,0.5687891644299328,-0.10218378210724977,0.09824292609153598,0.0434416169983202,0.1632625134471873,0.04466804956480445,0.6122307814282529,0.06107873133993755,0.14291097565634042,False,False,False
1790677940.476284,APPROACH,0.00999882,0.007189641999502783,0.0010968362692904687,-0.006894244134139527,0.003314063164180814,0.014617949561030063,-0.003129925839835409,0.03181665130973853,0.0008243130709374769,-0.005625574010580029,0.0015770836262623544,0.007277223993444062,0.008242619718596151,0.007338860679246624,0.6061591744186854,0.05507873640273901,0.13724462913646507,1,1,0,0.005940216000453802,28,0.0,0.5691104423869431,-0.10092083054448649,0.09880828321806477,0.03704873203174227,0.1559995669472255,0.0384363459184003,0.6061591744186854,0.05507873640273901,0.13724462913646507,False,False,False
1790677940.4862795,APPROACH,0.009995464,0.0066609400000743335,0.001259012242501134,-0.006925068243385013,0.0036541767339544062,0.017468832577526745,-0.002977435733771932,0.0356997472436332,0.0009004092222035757,-0.005539382952355041,0.001653824297275351,0.007953425927336052,0.009008526525789692,0.008020789913298116,0.598981199087228,0.04714516877698727,0.1311235403316486,1,1,0,0.005440650000309688,26,0.0,0.5694294310387255,-0.09962807339094584,0.09938951515254879,0.029551768048502566,0.1467732421679331,0.031734025179099824,0.598981199087228,0.04714516877698727,0.1311235403316486,False,False,False
1790677940.4962416,APPROACH,0.00996224,0.00693726300050912,0.0014426472244533084,-0.006954426934642655,0.004025983677691469,0.018932216097253207,-0.0028154552935892633,0.038166320952750896,0.0009831114368052708,-0.005445709471167486,0.0017372269837082244,0.008654128568870644,0.009802184301775234,0.008727427371267684,0.5962293731538517,0.047851384324196874,0.1290061140191749,1,1,0,0.0056558579999546055,26,0.0,0.5697452810372086,-0.09830778152234206,0.09998567178817928,0.02648409211664318,0.14615916584653893,0.029020442230995595,0.5962293731538517,0.047851384324196874,0.1290061140191749,False,False,False
1790677940.5062842,APPROACH,0.010042553000000001,0.007942836999973224,0.0016243177147401422,-0.0069811523606606585,0.004396638581048995,0.019291055970429415,-0.0027741477423608384,0.03967723877378848,0.001073679286104124,-0.005343126901059146,0.0018285619252494047,0.009387112951434812,0.010632406310962987,0.009466619990396647,0.5998870925872432,0.06266704851725756,0.13299091038540123,1,1,0,0.006464799000241328,27,0.0,0.5700616677265519,-0.0969429284449846,0.10060453958759846,0.029825424860691282,0.15960997696224216,0.03238637079780275,0.5998870925872432,0.06266704851725756,0.13299091038540123,False,False,False
1790677940.5162346,APPROACH,0.009950298,0.00889309600006527,0.0017880724714174345,-0.007004801868840005,0.0047385245895748,0.019272103998627298,-0.0027781000712700293,0.040678898793359494,0.001170805051473562,-0.00523311644246407,0.0019265103271473873,0.010139347705156997,0.011484432443404372,0.010225226027620165,0.6156888085084681,0.10917405448232258,0.15025840817015712,1,1,0,0.007551406999482424,34,0.0,0.570373244918641,-0.09555531928510862,0.10123630229876061,0.045315563589827024,0.2047293737674312,0.04902210587139652,0.6156888085084681,0.10917405448232258,0.15025840817015712,False,False,False
1790677940.5268304,APPROACH,0.010596401,0.008637922999696457,0.0019143921878919112,-0.007023853347565279,0.005008743863552878,0.01974295282680599,-0.0029340694984474553,0.0421613447633563,0.001282612992315657,-0.005106476072631984,0.0020392652597168394,0.010968432636100317,0.012423503689025069,0.011061333148266348,0.6289129760302566,0.14932541210368705,0.16508927675857324,1,1,0,0.007262449000336346,33,0.0,0.5707030652728342,-0.09403710029615323,0.10193035775935883,0.058209910757422385,0.24336251239984028,0.06315891899921441,0.6289129760302566,0.14932541210368705,0.16508927675857324,False,False,False
1790677940.5364876,APPROACH,0.009656712000000001,0.009033391999764717,0.002063965646251331,-0.007047113358696677,0.0053333086574303135,0.020541172279386948,-0.003585747447347972,0.04533216829499872,0.0013922808691712875,-0.004982259667436658,0.0021498620023699877,0.011748769659396632,0.013307360134995033,0.011848279475875455,0.638276317441422,0.17905581301176696,0.17433763308868475,1,1,0,0.007756184000754729,33,0.0,0.5710019319415689,-0.09261548509790687,0.10258278915062993,0.06727438549985307,0.27167129810967383,0.07175484393805481,0.638276317441422,0.17905581301176696,0.17433763308868475,False,False,False
1790677940.5464396,APPROACH,0.009952022000000001,0.00844488800066756,0.002306496608209363,-0.0070863197249995125,0.00584989622904053,0.02592102966219267,-0.003956827012682192,0.053673698731966014,0.0015133073792424458,-0.004845177794007435,0.0022719135836745934,0.012577311425661854,0.01424581615977188,0.012683838831343318,0.6198110064233147,0.149839743602378,0.1568152003137353,1,1,0,0.007194410999545653,32,0.0,0.5713083150381658,-0.09111083266582769,0.10327585657054514,0.048502691385148844,0.24095057626820568,0.05353934374319016,0.6198110064233147,0.149839743602378,0.1568152003137353,False,False,False
1790677940.5563805,APPROACH,0.009941131,0.007995316000233288,0.002549579402081781,-0.007119363187845451,0.006340281824009031,0.03129878315635859,-0.0038267681136691894,0.06160580484002226,0.0016425546867110592,-0.00469878455311283,0.0024022555909474796,0.01342923964406013,0.015210761080819282,0.013542982717690123,0.5949300736539591,0.10038106611150086,0.13131886598865475,1,1,0,0.0065338900003553135,27,0.0,0.5716127929806677,-0.08956615695349229,0.10398991094963797,0.023317280673291415,0.18994722306499315,0.027328955039016774,0.5949300736539591,0.10038106611150086,0.13131886598865475,False,False,False
1790677940.566244,APPROACH,0.009863433000000001,0.008038578999730817,0.002987333470906739,-0.00716364525948876,0.007174931096207038,0.03732256130409502,-0.0033672377087036534,0.07061918780007612,0.0017792790446433445,-0.004543922357072098,0.002540137977861561,0.01429813466853069,0.016194923622544426,0.014419237115689236,0.5628171443143153,0.0387897624218449,0.09907199948677255,1,1,0,0.006789604000005056,28,0.0,0.5719134126017872,-0.087990849382593,0.10472063188041185,-0.009096268287471935,0.1267806118044379,-0.005648632393639306,0.5628171443143153,0.0387897624218449,0.09907199948677255,False,False,False
1790677940.5762484,APPROACH,0.01000408,0.008882645999619854,0.003440625217982385,-0.007200878446223413,0.00803289615623437,0.037481601718646146,-0.00308845446472245,0.07186251842050628,0.0019268256008422348,-0.0043768022911470205,0.002688934224977465,0.015203081923318233,0.017219921079448468,0.015331849099453305,0.5633620528002289,0.05057066435456546,0.09998856615745726,1,1,0,0.0077368779993776116,34,0.0,0.572216885268669,-0.0863480774626529,0.10548517952818402,-0.008854832468440054,0.13691874181721836,-0.005496613370726765,0.5633620528002289,0.05057066435456546,0.09998856615745726,False,False,False
1790677940.5862393,APPROACH,0.009990785,0.009087974999602011,0.003732422637267474,-0.0072203385531768305,0.008589764443849068,0.03396031165722784,-0.00217906609148656,0.06687645938614474,0.0020833284853947094,-0.004199537751345643,0.00284676265882333,0.016130231930900626,0.01827006670386238,0.01626685188905267,0.590755892758978,0.12047667267050394,0.128859124481561,1,1,0,0.007952126000418502,35,0.0,0.5725185823169487,-0.08466072321243298,0.1062730004043567,0.01823731044202922,0.20513739588293692,0.02258612407720432,0.590755892758978,0.12047667267050394,0.128859124481561,False,False,False
1790677940.596231,APPROACH,0.009991946,0.008703998000783031,0.003998025095863111,-0.007239207606719589,0.009133161704849568,0.028998596892431512,-0.0022711870580899105,0.06135451270435303,0.0022492294297145705,-0.004011628406213965,0.0030140687521929663,0.017080506948536373,0.019346405099589944,0.01722517555308721,0.6306436844386396,0.2210737581890313,0.17025879113848863,1,1,0,0.007421751000038057,33,0.0,0.5728190088630114,-0.08292491320679334,0.10708594423853315,0.05782467557562822,0.30399867139582465,0.06317284689995546,0.6306436844386396,0.2210737581890313,0.17025879113848863,False,False,False
1790677940.6063743,APPROACH,0.010143033000000001,0.008265697999377153,0.004278870046296346,-0.0072576035619054124,0.009742094447986238,0.025613874493741366,-0.0012689159723923435,0.056370736327635056,0.002427467672198863,-0.003809745098316271,0.0031938166382666144,0.018068309037306964,0.020465248903533042,0.018221344135322275,0.6625139309215464,0.3023813353497752,0.20353804422513883,1,1,0,0.006985193999753392,34,0.0,0.5731227077393384,-0.08111196000792661,0.10793754609159754,0.089391223182208,0.38349329535770177,0.09560049813354128,0.6625139309215464,0.3023813353497752,0.20353804422513883,False,False,False
1790677940.6162417,APPROACH,0.009867632000000001,0.009216748999278934,0.0045031009828491175,-0.007264258678400637,0.010226931068401113,0.028211862542865514,-0.00045084828265533946,0.05934771287718401,0.0026105913414366,-0.003602328263495677,0.0033784913297174907,0.019051311530065042,0.021578656397590712,0.01921267246989089,0.6652143339305989,0.3219229059791004,0.20902288057686014,1,1,0,0.007766153999909875,34,0.0,0.5734169922026987,-0.07929757071114339,0.10879223842204093,0.09179734172790016,0.4012204766902438,0.1002306421548192,0.6652143339305989,0.3219229059791004,0.20902288057686014,False,False,False
1790677940.6269352,APPROACH,0.010693946000000001,0.00893939399975352,0.004800576185398198,-0.007258873440439295,0.01083185773408224,0.035989341363298254,0.001915515254260155,0.06793455657687766,0.00282012799773055,-0.003364994497695262,0.0035898027211384263,0.020140733677836697,0.022812601166253554,0.020311321813457132,0.6334204974701324,0.2637096385554908,0.18057599003550065,1,1,0,0.0076493220003612805,34,0.0,0.5737346836893465,-0.07727320292841516,0.1097485008822134,0.05968581378078582,0.34098284148390595,0.07082748915328725,0.6334204974701324,0.2637096385554908,0.18057599003550065,False,False,False
1790677940.6366417,APPROACH,0.009706296000000001,0.008544104999600677,0.005163914138189396,-0.007219475175036294,0.011471698641736472,0.04334365920124715,0.00808103292774278,0.07160855325128884,0.0030205060173711822,-0.003138034352267409,0.003791877904017329,0.02115087654788313,0.02395674947703044,0.02133002039908314,0.5859716150710632,0.15600553269807083,0.13481736754501175,1,1,0,0.007281765999323397,34,0.0,0.574021975771351,-0.07538211014908258,0.11064416594667166,0.011949639299712248,0.2313876428471534,0.0241732015983401,0.5859716150710632,0.15600553269807083,0.13481736754501175,False,False,False
1790677940.6463177,APPROACH,0.009675668,0.007630125000105181,0.005681124761682588,-0.0070377822991627426,0.012243423555316602,0.04382406153178133,0.02452113912204396,0.05860195177705696,0.003230106585092287,-0.0029006281965570247,0.004003253748182899,0.0221776917687866,0.025119781890873737,0.022365532547167236,0.521123210992061,-0.030590055394441026,0.06612611143480493,1,1,0,0.0065024610003092675,29,0.0,0.5743074072852723,-0.07344482497796566,0.11156390916042416,-0.05318419629321127,0.04285476958352463,-0.04543779772561924,0.521123210992061,-0.030590055394441026,0.06612611143480493,False,False,False
1790677940.656283,APPROACH,0.009965377000000001,0.006870877999972436,0.006204538099109369,-0.006575375663238958,0.01285033083665943,0.03336413725084855,0.038338237769745584,0.03639293281896868,0.0034564696434109714,-0.002644235840111736,0.0042315340580133505,0.023255628436364598,0.02634071751681855,0.023452599130734414,0.5138905674428322,-0.10122398015708642,0.048359184068356376,1,1,0,0.005668853000315721,29,0.0,0.5746004361562801,-0.07139378024763327,0.11253992389429456,-0.06070986871344782,-0.02983019990945315,-0.06418073982593818,0.5138905674428322,-0.10122398015708642,0.048359184068356376,False,False,False
1790677940.666222,APPROACH,0.009939197,0.007415037999635388,0.006528971675547224,-0.006267927367815673,0.013308183591907108,0.03204417956066837,0.01532819091619892,0.05868567336831999,0.003693038743490486,-0.002376283509541366,0.004470106852812903,0.02435097263032082,0.027581369949653788,0.024557220679075953,0.585744715085457,0.10721732492057086,0.11627174453559751,1,1,0,0.006295879000390414,33,0.0,0.5748917806386644,-0.06929045571907917,0.11354306880517173,0.01085293444679255,0.17650778063965003,0.0027286757304257796,0.585744715085457,0.10721732492057086,0.11627174453559751,False,False,False
1790677940.676336,APPROACH,0.010113727000000001,0.008047164999879897,0.006872877286301593,-0.006246143693457995,0.01404579511822912,0.027278179378725467,0.0004908108446131983,0.0648874215743289,0.003945039988878466,-0.002090851806983216,0.004724242500219817,0.02548593013975199,0.028866890795986668,0.025701791060045928,0.6825723667621459,0.38520583970699585,0.22118276789074737,1,1,0,0.006891807000101835,36,0.0,0.5751873468895313,-0.06708973550559073,0.11459493629296623,0.10738501987261459,0.45229557521258656,0.10658783159778114,0.6825723667621459,0.38520583970699585,0.22118276789074737,False,False,False
1790677940.686285,APPROACH,0.009948946,0.007787423000081617,0.007145093123769319,-0.006234972974874076,0.014615636171982471,0.027076435523532543,0.004413687357638334,0.05238971044664202,0.004204233891005034,-0.001797273270643946,0.004985631724782755,0.026622091859175166,0.030153775602675088,0.026847575850434638,0.7108429855912443,0.48350800273712624,0.26845472142787796,1,1,0,0.006650500999967335,34,0.0,0.575477257108769,-0.06486406800290456,0.11566092516581482,0.13536572848247527,0.5483720707400308,0.15279379626206316,0.7108429855912443,0.48350800273712624,0.26845472142787796,False,False,False
1790677940.696242,APPROACH,0.00995711,0.007518614000218804,0.007413841079087602,-0.00596537693250454,0.01487623074954203,0.023412682020467663,0.04496743476085159,0.0010215333615657754,0.004475053874680328,-0.0014905263380714595,0.005258745501566231,0.027778386878104886,0.031463464590142126,0.02801366446549951,0.6334009064502091,0.24371848503513432,0.2063968183248766,1,1,0,0.006423049999284558,34,0.0,0.5757666069275527,-0.06257493075381083,0.11675945690810507,0.057634299522656376,0.30629341578894514,0.08963736141677152,0.6334009064502091,0.24371848503513432,0.2063968183248766,False,False,False
1790677940.7062829,APPROACH,0.010040980000000001,0.006976788000429224,0.007693584646657703,-0.005383962114220431,0.0148894725236699,0.032072263149800294,0.05688814473690837,0.013103331510663382,0.004759910130716532,-0.0011678810828086375,0.005546014435234458,0.02896351452613501,0.0328058111400775,0.029208829916480782,0.5319545757724596,-0.05189196915432927,0.08296424049021825,1,1,0,0.00582312499955151,29,0.0,0.5760576186974591,-0.06020280720385753,0.11789994615566599,-0.04410304292499946,0.008310838049528264,-0.03493570566544773,0.5319545757724596,-0.05189196915432927,0.08296424049021825,False,False,False
1790677940.7162795,APPROACH,0.009996516,0.007368980999672203,0.008138609329862545,-0.005020785155883445,0.015458517343290401,0.05532527043891235,0.014281419095660976,0.09759437642199846,0.005055419735321623,-0.0008331692069412974,0.005844026949282365,0.030162082868071323,0.034163381424876973,0.03041754990145727,0.5161814699733083,-0.01836329457336814,0.04464613054336612,1,1,0,0.0062324589998752344,32,0.0,0.5763465986639825,-0.05777641111007692,0.11906861802375462,-0.06016512869067423,0.03941311653670878,-0.0744224874803885,0.5161814699733083,-0.01836329457336814,0.04464613054336612,False,False,False
1790677940.7262878,APPROACH,0.010008378,0.007479922000129591,0.008704990318206596,-0.005009468021621721,0.016590907818055944,0.047357575929966395,0.004833433456270254,0.0996519856673098,0.0053633747967104725,-0.00048436086137821147,0.006154590330736288,0.03138039802086032,0.035543318130259384,0.03164618394897159,0.5959044935703206,0.1914244272236387,0.12181319849181035,1,1,0,0.006315036000160035,32,0.0,0.5766352057702429,-0.05528118065221163,0.12027249280107363,0.019269287800077736,0.24670560787585033,0.0015407056907367277,0.5959044935703206,0.1914244272236387,0.12181319849181035,False,False,False
1790677940.7362807,APPROACH,0.009992718000000001,0.007539453999925172,0.009045743807194695,-0.004801399362581726,0.017183099810788915,0.020500569666209795,0.03972144043329322,0.017444673066696066,0.005683102731694669,-0.0001222178541187193,0.006477026299757732,0.03261474634148988,0.0369414149617439,0.032890986962170465,0.6698578546082312,0.3211448863988148,0.22183954586230856,1,1,0,0.006439431999751832,33,0.0,0.5769226704566963,-0.052722836071411566,0.12150882446557136,0.09293518415153486,0.37386772247022637,0.1003307213967372,0.6698578546082312,0.3211448863988148,0.22183954586230856,False,False,False
1790677940.7462826,APPROACH,0.010002026,0.00756377000016073,0.009200418000488986,-0.0043102532791747805,0.017197107290259472,0.01529758709823135,0.05064901119695751,0.0030974478546644327,0.00601556849753199,0.0002543527832173922,0.006812307986606621,0.03386784336111508,0.03836074769254644,0.03415469747223493,0.6809502773415846,0.3142626649594297,0.22935544232886898,1,1,0,0.006436765999751515,34,0.0,0.5772097320345347,-0.050093892981132315,0.12278124153938383,0.1037405453070499,0.36435655794056204,0.10657420078948515,0.6809502773415846,0.3142626649594297,0.22935544232886898,False,False,False
1790677940.7562842,APPROACH,0.010001495000000001,0.007955080999636266,0.009473180591115016,-0.003885717146045131,0.01744510588707171,0.03867738589553003,0.03356167674390438,0.047363875029344873,0.006360635708623056,0.0006451965721323066,0.0071602978505238115,0.03513812971892733,0.039799550097227084,0.03543574291087063,0.6284313559906026,0.25529175065954923,0.1836882763940018,1,1,0,0.00677358400025696,35,0.0,0.5774961242891405,-0.04739571537505702,0.12408909851320327,0.0509352317014621,0.3026874660346063,0.05959917788079853,0.6284313559906026,0.25529175065954923,0.1836882763940018,False,False,False
1790677940.7662854,APPROACH,0.010001385,0.00769698200019775,0.010072264455468938,-0.0037128904940928464,0.018340464519455812,0.06967117337783735,0.006275227605745601,0.10943111963329458,0.006718488513647808,0.0010505220904493537,0.007521181599893104,0.03642530901227519,0.04125748645239161,0.03673382436495273,0.5637941601172815,0.21220214365314796,0.13160372479575377,1,1,0,0.00659120799991797,34,0.0,0.5777818730202156,-0.04462708756650589,0.12543299530642865,-0.013987712902934121,0.25682923121965384,0.006170729489325121,0.5637941601172815,0.21220214365314796,0.13160372479575377,False,False,False
1790677940.7762976,APPROACH,0.010012105,0.007647096999789937,0.010622461720210863,-0.0036230231321310313,0.019172514002545382,0.06409803048522998,0.022225943906637687,0.08749202781197227,0.007089702458487754,0.0014709812359026348,0.007895539655358783,0.03773045481848223,0.04273577275601189,0.038050024504798004,0.5635836135641289,0.19534057850592618,0.13644966332969635,1,1,0,0.006490066999504052,34,0.0,0.5780672969235591,-0.041783812224199246,0.1268149818472515,-0.014483683359430177,0.23712439073012542,0.009634681482444835,0.5635836135641289,0.19534057850592618,0.13644966332969635,False,False,False
1790677940.7862823,APPROACH,0.009984773,0.007304298999770253,0.01102335727405701,-0.0030130963055894355,0.01944617391637382,0.02192262573494554,0.07569090310480747,-5.570987729047738e-05,0.007472997980783923,0.001905124699533028,0.008282081616915113,0.03904822154436919,0.044228354269112355,0.0393789524610824,0.600525404335733,0.08883504603254859,0.14101591206878789,1,1,0,0.00619587999972282,32,0.0,0.5783513196031376,-0.03887581474650663,0.12823023772614453,0.022174084732595394,0.12771086077905522,0.012785674342643367,0.600525404335733,0.08883504603254859,0.14101591206878789,False,False,False
1790677940.7962925,APPROACH,0.010010191,0.006661612000243622,0.01116325622198544,-0.0021958429715231986,0.019470414761002308,0.013840840224135093,0.06993274867468956,0.018691862177814142,0.007870556836170491,0.002355423668434352,0.008683007719246334,0.04038522313439762,0.04574272234129083,0.04072727819710337,0.627409088774351,0.0737865450378528,0.12091205333653242,1,1,0,0.005543104000025778,27,0.0,0.5786354451010383,-0.03588671463912392,0.1296867417047823,0.048773643673312765,0.10967325967697672,-0.008774688368249888,0.627409088774351,0.0737865450378528,0.12091205333653242,False,False,False
1790677940.806301,APPROACH,0.010008559,0.007726218000243534,0.011538561722056917,-0.001821897708315312,0.020235676085958998,0.057163051453715814,0.0065761060559899834,0.11606283935564639,0.008281509373670868,0.0028208931238282407,0.009097440945599562,0.04173756150266109,0.047274461766998295,0.04209107061091752,0.6413226901555447,0.3299898070662181,0.17068396727464122,1,1,0,0.006631525000557303,35,0.0,0.5789189032783295,-0.032823310830646275,0.13118119321351804,0.06240378687721516,0.3628131178968644,0.03950277406112319,0.6413226901555447,0.3299898070662181,0.17068396727464122,False,False,False
1790677940.8162546,APPROACH,0.009953304000000001,0.007861123000111547,0.012237448769093495,-0.0018291433601529405,0.02142502586148498,0.0719953577848073,0.011303068440533191,0.0926710605806122,0.008703691720298863,0.0032990821335789483,0.00952319909540112,0.043097521958153806,0.048814834425178644,0.04346254966957191,0.6274078979093347,0.4297599684952992,0.22964349748997345,1,1,0,0.006746252000084496,35,0.0,0.5792001770773181,-0.029701669911412435,0.13270574495103632,0.048207720832016666,0.4594616384067116,0.09693775253893713,0.6274078979093347,0.4297599684952992,0.22964349748997345,False,False,False
1790677940.8262913,APPROACH,0.010036741,0.00775205699937942,0.012748210369156743,-0.00140688194472105,0.021702435045815482,0.048706757466276854,0.06706172807072983,-6.0656225479183146e-05,0.009143194771947577,0.003796889611150954,0.009966424653259367,0.04448378000207428,0.05038499330694115,0.044860549052163745,0.6111676941161585,0.303659705075835,0.2373924700272186,1,1,0,0.006578173999514547,35,0.0,0.5794831759347869,-0.0264770046690578,0.1342822813212752,0.03168451818137156,0.3301367097448928,0.1031101887059434,0.6111676941161585,0.303659705075835,0.2373924700272186,False,False,False
1790677940.836285,APPROACH,0.009993750000000001,0.0070884899996599415,0.01314229994409355,-0.0005267549826788454,0.021711223073072494,0.027102015030072063,0.08649277157713083,0.008895135358637826,0.009594712494237285,0.0043083056242341836,0.010421766643705192,0.04587862756499374,0.0519648811923372,0.04626721070532635,0.5887948850868289,0.03991876644913124,0.11950666463559641,1,1,0,0.0059400260006441385,29,0.0,0.579764320376657,-0.023188526553850553,0.13589164489772146,0.009030564710171876,0.06310729300298179,-0.01638498026212505,0.5887948850868289,0.03991876644913124,0.11950666463559641,False,False,False
1790677940.84625,APPROACH,0.009965187,0.006593383000108588,0.01338832785788635,6.877200133903472e-05,0.022033319656522776,0.03585245342499526,0.06010225024231659,0.07054945620309754,0.01005889039869037,0.004834061317837739,0.010889876045619263,0.047283590282100746,0.05355622610714969,0.04768407318608453,0.6022993809555113,0.059279227416191876,0.08785598963412762,1,1,0,0.005452532999697723,26,0.0,0.5800440087941109,-0.019831405625573065,0.13753618460843126,0.0222553721614004,0.07911063304176494,-0.049680194974303635,0.6022993809555113,0.059279227416191876,0.08785598963412762,False,False,False
1790677940.8563683,APPROACH,0.010118166000000001,0.007430587000271771,0.013843737905859355,0.0003634949486661654,0.02293797697217559,0.0650442153003992,0.02183390771990175,0.11886730455435893,0.01054458991735462,0.0053841936805987655,0.011379689345672314,0.04872418983603065,0.05518793543759229,0.04913687434081068,0.6284514667642347,0.3034638974415404,0.16164959776884796,1,1,0,0.006348548999994819,32,0.0,0.5803273057002959,-0.01634210164737021,0.13924705713328905,0.04812416106393884,0.3198059990889106,0.022402540635558896,0.6284514667642347,0.3034638974415404,0.16164959776884796,False,False,False
1790677940.8662567,APPROACH,0.009888451000000001,0.00793666600020515,0.01439147514227268,0.0005011453997001425,0.02378436824558139,0.07987585497942574,0.015433139797995479,0.1073362272240953,0.011033412969531895,0.005937863944481064,0.011872652634965728,0.05014545306926899,0.056797743293192156,0.05057017539993274,0.6601472245878637,0.5311863220297033,0.2665349441037863,1,1,0,0.006776259000616847,35,0.0,0.5806034823088281,-0.012852638542572773,0.1409595116352783,0.07954374227903559,0.5440389605722761,0.12557543246850797,0.6601472245878637,0.5311863220297033,0.2665349441037863,False,False,False
1790677940.876251,APPROACH,0.009994241000000001,0.007686371999625408,0.01504740582660502,0.001090613040322097,0.02415802706022485,0.05284977685129144,0.0786018081839473,-6.233571057168152e-05,0.011541811557062966,0.006513706632058804,0.012385357260627596,0.05159502377682132,0.058439613889498414,0.05203202369222486,0.6356302004152349,0.3731671709547486,0.27039771464028994,1,1,0,0.006559768999977678,34,0.0,0.5808818965973096,-0.009245269602798839,0.14273130438493242,0.05474830381792527,0.3824124405575475,0.12766641025535752,0.6356302004152349,0.3731671709547486,0.27039771464028994,False,False,False
1790677940.8862412,APPROACH,0.009990123,0.007664590999411303,0.015521273347704811,0.002182827210074123,0.02416844121170203,0.03363139767455037,0.1036719116634649,0.010485184500714062,0.012064543480828754,0.0071057841146611265,0.012912516623121826,0.05305683573077153,0.060095349654587474,0.05350621691191449,0.5669715335706108,-0.027010564280576525,0.09718293170784925,1,1,0,0.006543428000441054,36,0.0,0.5811594467753408,-0.005557612175412022,0.14454398020913503,-0.014187913204729997,-0.021452952105164503,-0.04736104850128577,0.5669715335706108,-0.027010564280576525,0.09718293170784925,False,False,False
1790677940.8963048,APPROACH,0.010063923,0.006570008000380767,0.015934096652664875,0.00305136480895829,0.02471749761918196,0.051504673597413765,0.06557964530487413,0.09889918502917097,0.012605966652612245,0.0077190324241631966,0.013458525544904974,0.05454209588079215,0.0617776442508283,0.055004056929379666,0.5495884605217903,-0.07074084767498001,0.023717181022829395,1,1,0,0.00546621800003777,26,0.0,0.5814382563801583,-0.0017592344292110419,0.14641251086913445,-0.03184979585836803,-0.06898161324576897,-0.12269532984630506,0.5495884605217903,-0.07074084767498001,0.023717181022829395,False,False,False
1790677940.906281,APPROACH,0.009976227,0.007442440999511746,0.01680126420965755,0.0032911932646717545,0.02646851374886494,0.09453797725251348,-0.000913748392112201,0.180159147658827,0.013157485987516369,0.008343716252661969,0.014014716142366103,0.05602661998364307,0.0634591051559638,0.05650115466549736,0.5929442282845359,0.312644263955767,0.13198552607533476,1,1,0,0.006347187000756094,32,0.0,0.5817138161706048,0.00208951943355386,0.14830720576554043,0.01123041211393106,0.31055474452221316,-0.016321679690205686,0.5929442282845359,0.312644263955767,0.13198552607533476,False,False,False
1790677940.91626,APPROACH,0.009978652000000001,0.009018663999995624,0.017859355158023282,0.00332505866308086,0.028076056794896997,0.08390648863653101,0.03001157071573047,0.08074505755232708,0.01372401405080556,0.008985399865783185,0.014586042589251396,0.057523341375863325,0.06515438144151905,0.05801055299967644,0.6641504943960582,0.6083711851607277,0.31465478648874556,1,1,0,0.007764841000607703,42,0.0,0.5819885854947602,0.0060231033057455115,0.15024500541523564,0.08216190890129806,0.6023480818549822,0.16440978107350995,0.6641504943960582,0.6083711851607277,0.31465478648874556,False,False,False
1790677940.9262583,APPROACH,0.009998319,0.007980549000421888,0.01825963322230062,0.0037859200027501316,0.028131540041073988,0.04803497813734686,0.0933533354971399,-0.02768676311961711,0.014306696118161101,0.009645380471352553,0.0151736598615066,0.05903456605797529,0.06686608502178909,0.05953457746381962,0.6972312469305473,0.5622381656454024,0.362966487192373,1,1,0,0.0067669909994947375,35,0.0,0.58226299197293,0.01004932514669708,0.1522297564972052,0.11496825495761732,0.5521888404987053,0.2107367306951678,0.6972312469305473,0.5622381656454024,0.362966487192373,False,False,False
1790677940.9362752,APPROACH,0.010017125,0.0072675199999139295,0.01868989880822336,0.005275489541084255,0.027719251758882235,0.024757354804901915,0.11224200172055424,0.005332884414350661,0.014905683242042774,0.010323829160432361,0.015777720290976738,0.06055991121288122,0.0685937822952026,0.06107284199844206,0.6363516232656176,0.12844982139152542,0.16197928006803958,1,1,0,0.006009587000335159,30,0.0,0.5825369583620827,0.014169041817151829,0.15426188398634758,0.05381466490353483,0.11428077957437359,0.007717396081691997,0.6363516232656176,0.12844982139152542,0.16197928006803958,False,False,False
1790677940.9462817,APPROACH,0.010006384,0.006669938000413822,0.019092006989674948,0.006305977360561599,0.028455441122235525,0.053105526694131676,0.06987309423810473,0.12610648863983714,0.015519338182380642,0.011018891496867196,0.016396572770483786,0.06209457345053184,0.07033203265452091,0.06262050252970579,0.5599431348899636,-0.08810449595625676,-0.0017940293080610237,1,1,0,0.0055688630000076955,27,0.0,0.5828096231216654,0.018370895719206252,0.15633578149473384,-0.02286648823170183,-0.10647539167546301,-0.15812981080279487,0.5599431348899636,-0.08810449595625676,-0.0017940293080610237,False,False,False
1790677940.9562786,APPROACH,0.009997668000000001,0.007291013000212843,0.019902157995741687,0.006595334882666393,0.03021585742299915,0.10765198708811079,0.004245231148567279,0.21880784675147918,0.01614784831387346,0.011730779712462492,0.0170304062617541,0.06363851595547991,0.07208079440036363,0.06417752193034382,0.5351851048479703,0.12896873671975226,0.03432265111809772,1,1,0,0.0059626190004564705,28,0.0,0.5830809882904079,0.022656151016205522,0.15845206314706972,-0.04789588344243751,0.10631258570354674,-0.124129412028972,0.5351851048479703,0.12896873671975226,0.03432265111809772,False,False,False
1790677940.9662683,APPROACH,0.009988981000000001,0.0077980139994906494,0.021141848929333795,0.006754853842259045,0.03202660110671185,0.10453127365858658,0.04322006673170459,0.08492750108313345,0.01679127968969825,0.012459568623002383,0.0176792873774224,0.06519140260856665,0.07383968682404177,0.06574356123433281,0.5849477520668045,0.4578115391407103,0.2570145338101016,1,1,0,0.006686549999358249,35,0.0,0.5833509975964745,0.027025234502942634,0.16061092968916743,0.0015967544703300396,0.4307863046377677,0.09640360412093414,0.5849477520668045,0.4578115391407103,0.2570145338101016,False,False,False
1790677940.976284,APPROACH,0.010015732000000001,0.007948629000566143,0.02185037123846789,0.007721157510736987,0.03180513889158543,0.0520362711131558,0.1186925033701361,-0.06080906754563806,0.01745205867500522,0.013208006474967903,0.018345663033484456,0.06675845814534205,0.07561462777394197,0.06732388942972671,0.6472750731854492,0.45752197327605254,0.3478054318470492,1,1,0,0.006676580000203103,35,0.0,0.583620541915489,0.03149450533438419,0.16282046010552062,0.06365453126996021,0.42602746794166835,0.1849849717415286,0.6472750731854492,0.45752197327605254,0.3478054318470492,False,False,False
1790677940.9862232,APPROACH,0.009939037000000001,0.007667936999496305,0.022228422324877206,0.008880746325140798,0.03153104262518691,0.030824747740312824,0.10567896711071587,0.015489936126908452,0.018123341260084,0.013968341333082106,0.01902263125278564,0.06832311584996589,0.07738685279554423,0.0689017994837925,0.6884680035446661,0.32585708826770354,0.23906037261702334,1,1,0,0.006537326999932702,35,0.0,0.5838867790450719,0.036017734106875296,0.16505778271203017,0.10458122449959413,0.28983935416082823,0.07400258990499316,0.6884680035446661,0.32585708826770354,0.23906037261702334,False,False,False
1790677940.996284,APPROACH,0.010060767,0.008071120000749943,0.022751487154749617,0.0095631294048788,0.03271256116289023,0.06777210072241216,0.03191944691005523,0.18808989511247012,0.018818731053495363,0.014755981459103607,0.019723910863831504,0.06991636794974908,0.07919146554158565,0.07050854612203804,0.6709361363382249,0.3080715358056988,0.12062007644955565,1,1,0,0.0069086290004634066,33,0.0,0.5841549434818512,0.04068640294530204,0.16736814573437553,0.0867811928563738,0.2673851328603968,-0.04674806928481988,0.6709361363382249,0.3080715358056988,0.12062007644955565,False,False,False
1790677941.0062919,APPROACH,0.010007916,0.008618687000307546,0.023587980711855527,0.009652490395372304,0.03474347665730515,0.1089821873475409,-0.001520574915674984,0.24544205094310761,0.01952641699515404,0.015557548939030587,0.020437590769132388,0.07151035618782257,0.08099691208194106,0.07211603513352342,0.6392545995972325,0.42483114608772415,0.13533574646288293,1,1,0,0.007430597999700694,37,0.0,0.584420292080022,0.045420977427085854,0.16971219178094413,0.054834307517210565,0.3794101686606383,-0.0343764453180612,0.6392545995972325,0.42483114608772415,0.13533574646288293,False,False,False
1790677941.0162272,APPROACH,0.009935189,0.008221865000450634,0.024394647614922382,0.010108093095245962,0.03589048529199146,0.08295219417316493,0.10057770277962566,0.038932427836947475,0.020244782731128667,0.016371212993599008,0.021162040924550405,0.07310144195301568,0.08279907110768675,0.07372059708874208,0.5917987779752693,0.31383260413328684,0.22471992730643048,1,1,0,0.007066116999340011,35,0.0,0.5846822452579492,0.0502108826105658,0.17208465545056315,0.007116532717320046,0.26362172152272106,0.05263527185586734,0.5917987779752693,0.31383260413328684,0.22471992730643048,False,False,False
1790677941.0263453,APPROACH,0.010118376,0.007204137999906379,0.02503305454522642,0.011910460069834095,0.035043451668110626,0.030916278507949032,0.22193774619889794,-0.17824211057271946,0.020992684874123962,0.017218331751656612,0.021916277654668533,0.07473044627079171,0.08464417895698141,0.07536339875938183,0.5096319111923131,-0.0818498374342311,0.20903619643481303,1,1,0,0.005899849000343238,27,0.0,0.5849474407877061,0.055181517562050704,0.17454765323433452,-0.07531552959539305,-0.1370313549962818,0.03448854320047851,0.5096319111923131,-0.0818498374342311,0.20903619643481303,False,False,False
1790677941.0363073,APPROACH,0.009961919000000001,0.0063881229998514755,0.02567368802531056,0.013906783046722104,0.034263754965529136,0.09055986655722803,0.0798097797798786,0.09838114589490246,0.02174516610968996,0.01807063706419578,0.022675132261389615,0.07634242057526003,0.08646999759329806,0.07698902617578071,0.5176674431222341,0.05879032175875472,0.10352755090195753,1,1,0,0.005178082999918843,22,0.0,0.585206882764546,0.06016688267335361,0.17701892304684322,-0.06753943964231185,-0.0013765609145988907,-0.07349137214488569,0.5176674431222341,0.05879032175875472,0.10352755090195753,False,False,False
1790677941.046308,APPROACH,0.010000613,0.008149558000695833,0.026829071587805897,0.014002019386775366,0.03651158404035537,0.11174083710230122,0.0003256816281500402,0.2386922055907646,0.022516761577170363,0.01894459230052807,0.02345326299388847,0.07796849852118799,0.08831179085858093,0.07862887668876638,0.6360386119485529,0.44832363512625745,0.1632597454980297,1,1,0,0.006970765999540163,34,0.0,0.585465591019706,0.06526347990163951,0.1795462721651496,0.050573020928847016,0.38306015522461795,-0.016286526667119893,0.6360386119485529,0.44832363512625745,0.1632597454980297,False,False,False
1790677941.05628,APPROACH,0.009971988000000001,0.009429060999536887,0.027601575291631653,0.014022665063456508,0.03819997122315022,0.09767920206002893,0.0046431244636622945,0.2134302588356531,0.023302378326741712,0.019834428880673178,0.024245533766037407,0.07959744995135574,0.09015683880420307,0.08027162502384999,0.7723624718106654,0.8144515914157744,0.32042387548055207,1,1,0,0.008287018999908469,43,0.0,0.5857217262639357,0.07043757667455099,0.18211296146967368,0.1866407455467297,0.7440140147412234,0.13831091401087836,0.7723624718106654,0.8144515914157744,0.32042387548055207,False,False,False
1790677941.0663452,APPROACH,0.010065556,0.008355728999958956,0.02809656705710384,0.014512612335646935,0.038969402560004474,0.037043435638517266,0.12495319848245665,-0.005703513261000104,0.024111876805322875,0.02075131533734096,0.025061888540841817,0.08124901003989964,0.0920274946703056,0.08193717350829227,0.8004379226110087,0.7014656862967702,0.4071406616045577,1,1,0,0.007215981000626925,36,0.0,0.5859783083592729,0.0757538972322183,0.18475109336064943,0.21445961425173574,0.6257117890645519,0.22238956824390826,0.8004379226110087,0.7014656862967702,0.4071406616045577,False,False,False
1790677941.076304,APPROACH,0.009958543,0.007447068000146828,0.02822561103419896,0.016882961853804446,0.03767611397716997,-0.0004338797310205889,0.245402993846051,-0.17883973931942615,0.024929163682710233,0.021677023400933863,0.025886097680690445,0.08288995913461436,0.09388613188931841,0.08359202112583108,0.6095736571187267,-0.037647611510066334,0.22756134312626314,1,1,0,0.006282023000494519,30,0.0,0.5862301246710512,0.08110670667393646,0.18740818267442724,0.02334353244767555,-0.1187543181840028,0.0401531604518359,0.6095736571187267,-0.037647611510066334,0.22756134312626314,False,False,False
1790677941.0862799,APPROACH,0.009991235000000001,0.0078069790006338735,0.028868675010997213,0.01917403401586082,0.037021246572973565,0.12099497163364663,0.10065400660676399,0.11911516976144487,0.025765589015785184,0.022624408825616123,0.026729607375260728,0.08454294788652227,0.09575840594510784,0.08525901037414096,0.37674625774494563,-0.3023547333671822,-0.03659597609678239,1,1,0,0.006617628000640252,33,0.0,0.5864806230810677,0.0865704282688793,0.19012114813700073,-0.2097343653361221,-0.3889251616360615,-0.22671712423378312,0.37674625774494563,-0.3023547333671822,-0.03659597609678239,False,False,False
1790677941.0962353,APPROACH,0.009940027,0.00671529300052498,0.030622216936713853,0.01929929484601889,0.03971804059250661,0.18216426666899496,0.0010211640211504232,0.2861698767492384,0.02661414779954427,0.02358553732320005,0.02758535328850582,0.08619378982314191,0.09762824838933179,0.08692383462405051,0.39564002602449044,0.03688333243902386,-0.0022425549378587983,1,1,0,0.005610832000456867,26,0.0,0.5867275955734326,0.09209926726880852,0.1928672329536857,-0.19108756954894215,-0.05521593482978466,-0.1951097878915445,0.39564002602449044,0.03688333243902386,-0.0022425549378587983,False,False,False
1790677941.1062744,APPROACH,0.010039467,0.008800139999948442,0.03215924182797081,0.019391102503787394,0.04213810104339788,0.1095945073798264,0.04578378707577339,0.15428885260520117,0.02748788286725271,0.02457518198776041,0.02846648872397696,0.08786726085598157,0.09952372190316208,0.08861147963426722,0.6577473985497442,0.5829532343754751,0.2802645672514186,1,1,0,0.0075737480001407675,41,0.0,0.5869746526649621,0.0977780247622965,0.19568854557583462,0.07077274588478205,0.4851752096131786,0.08457602167558392,0.6577473985497442,0.5829532343754751,0.2802645672514186,False,False,False
1790677941.1163468,APPROACH,0.010072178000000001,0.0076267989998086705,0.0325359582855691,0.020027270144518106,0.042371532178598015,0.02762019783213073,0.14529681118341747,-0.0359671853297789,0.028381377570702655,0.025587207599140863,0.029367551155499095,0.08955206723353175,0.10143203450727081,0.09031055599738123,0.8244324760619971,0.7533876965367374,0.4580457717853935,1,1,0,0.0064558519998172414,34,0.0,0.5872199832732674,0.10357113892859643,0.19856741566823582,0.23721249278872972,0.649816557608141,0.2594783561171577,0.8244324760619971,0.7533876965367374,0.4580457717853935,False,False,False
1790677941.1263165,APPROACH,0.009969984000000001,0.007639943999492971,0.032560159498552954,0.022442283723996148,0.041250232657591424,0.020172775046446708,0.15882985819283946,-0.032203492762476,0.029282546837552225,0.026607925880647504,0.030276353152494908,0.0912252958562306,0.10332723345285799,0.09199795654428992,0.7735084690711028,0.47882253180221057,0.35230853552480884,1,1,0,0.006330234000415658,33,0.0,0.5874602033534049,0.10940031248809699,0.20146490810608186,0.18604826571769795,0.36942221931411356,0.15084362741872698,0.7735084690711028,0.47882253180221057,0.35230853552480884,False,False,False
1790677941.136365,APPROACH,0.010047902000000001,0.007238643999698979,0.03331778129703955,0.023521963887112918,0.04219265925342053,0.12433580797667783,0.0493524107003886,0.19918918062400134,0.03020766373621501,0.027655768684138778,0.031209305613133644,0.09291686752685001,0.10524320883306165,0.09370385550120262,0.6070158826880164,0.3591222729496332,0.17812217003417274,1,1,0,0.006053850999705901,30,0.0,0.587699532977532,0.11537076855507838,0.2044333044591477,0.01931634971048448,0.24375150439455484,-0.026311134424974958,0.6070158826880164,0.3591222729496332,0.17812217003417274,False,False,False
1790677941.1462805,APPROACH,0.009915823,0.006777700999919034,0.034938542582133136,0.023580118437044106,0.0448483818544243,0.1923889323923752,0.00836182704176782,0.28270405583098324,0.031137307771869457,0.028708739194111245,0.03214682355474255,0.09459110773547572,0.1071395535614522,0.09539227620197617,0.4763568183351916,0.32043956032306986,0.12018594002673769,1,1,0,0.005661258000145608,27,0.0,0.5879328620982669,0.12135719147167641,0.20741027555731337,-0.11157604376307526,0.19908236885139344,-0.08722433553057568,0.4763568183351916,0.32043956032306986,0.12018594002673769,False,False,False
1790677941.1562433,APPROACH,0.009962730000000001,0.006218171999535116,0.036503844336537083,0.02424442209650124,0.0465737263159125,0.106259647134416,0.1414431074812131,0.03693623783865663,0.032088092213907696,0.029785654594425844,0.033105660957906166,0.09627789701608928,0.10905011212032403,0.09709335226296066,0.5246677686583522,0.20068566800811705,0.21212561400946361,1,1,0,0.005079175999526342,23,0.0,0.5881643047284635,0.12746663764788085,0.21044903107385482,-0.06349653607011126,0.07321903036023618,0.001676582935608798,0.5246677686583522,0.20068566800811705,0.21212561400946361,False,False,False
1790677941.1662805,APPROACH,0.010037272,0.007370002000243403,0.03702705592082345,0.025833203908898206,0.04625073259025991,0.05596650894550878,0.16922558769021126,-0.0006768555918108821,0.03306300693297544,0.03088990139163543,0.0340888330168988,0.09798171995064155,0.11097996401577054,0.09881160624965242,0.6411874036365203,0.2655420843297499,0.25514293904714413,1,1,0,0.006214054999873042,33,0.0,0.5883943077304268,0.13371798630261086,0.21355895112244125,0.05279309590609354,0.13182409802713907,0.041583987924702914,0.6411874036365203,0.2655420843297499,0.25514293904714413,False,False,False
1790677941.1762836,APPROACH,0.010003548000000001,0.0074703629998111865,0.03760246969515335,0.027191246989723084,0.04669357468115076,0.06894179610420022,0.1122757799440169,0.09921967355305573,0.03405168260776281,0.03200973467141909,0.03508588258425598,0.09968394741030863,0.11290800878081116,0.10052825124809397,0.7370549535528899,0.5328749696309516,0.30138132762698067,1,1,0,0.006273676999626332,33,0.0,0.5886202263520379,0.14004456829838025,0.21670685069606782,0.14843472720085188,0.39283040133257136,0.08467447693091283,0.7370549535528899,0.5328749696309516,0.30138132762698067,False,False,False
1790677941.186279,APPROACH,0.009994972000000001,0.009162004999780038,0.03890443543744104,0.027690950166290307,0.04901329560257017,0.15769456293535908,0.0017209827049776555,0.28350509618048075,0.03505653654859919,0.03314789242422547,0.036099247444460046,0.10138855678490284,0.11483875144534807,0.10224729833582338,0.7217707670499415,0.8709094608482704,0.33469283669885064,1,1,0,0.008013761999791313,43,0.0,0.5888425012882977,0.14646182951315445,0.21990038894957162,0.13292826576164377,0.7244476313351159,0.11479244774927899,0.7217707670499415,0.8709094608482704,0.33469283669885064,False,False,False
1790677941.1963043,APPROACH,0.010024989,0.00894044600045163,0.04000184823442754,0.027706451530040255,0.05084195048714224,0.17997442453699253,0.0032251541286087843,0.27893619637572725,0.036081540792740605,0.03430887361733099,0.037132933277157665,0.10310186739420643,0.1167793496494226,0.10397512035604452,0.7317116796194383,1.0483191518245727,0.41440323917366984,1,1,0,0.00783316900015052,42,0.0,0.5890618268988516,0.1529949879488094,0.2231520935209242,0.1426498527205867,0.8953241638757634,0.19125114565274562,0.7317116796194383,1.0483191518245727,0.41440323917366984,False,False,False
1790677941.206276,APPROACH,0.009971798,0.008070990000305756,0.041761382666748004,0.02846700745477193,0.05272821965298635,0.10488962186719214,0.18234929882140763,-0.010999245410723613,0.03711816263601877,0.03548301359898191,0.03817833510781945,0.10480937508125952,0.11871337511622666,0.1056970903043812,0.5861519607212003,0.42515348207347925,0.33676827032939116,1,1,0,0.006890424999255629,35,0.0,0.5892762396908117,0.15958959059370956,0.2264348358143282,-0.003124278969611335,0.26556389147976966,0.11033343451506294,0.5861519607212003,0.42515348207347925,0.33676827032939116,False,False,False
1790677941.216302,APPROACH,0.010026001000000001,0.00897162399996887,0.04226904852451585,0.032350753670342236,0.050543887216513594,0.005900499637511934,0.3644748599322804,-0.24109388250218314,0.03817760058237024,0.036682996465400845,0.03924674628955373,0.10652919860729747,0.12066135023984478,0.10743148040448719,0.3066965303144339,-0.9125538539546207,-0.06042349389811605,1,1,0,0.007875019000493921,42,0.0,0.5894878876749143,0.16631676053554206,0.22978399497199123,-0.28279135736048044,-1.0788706144901627,-0.2902074888701073,0.3066965303144339,-0.9125538539546207,-0.06042349389811605,False,False,False
1790677941.2263346,APPROACH,0.010032653,0.007817069000338961,0.042473336988454014,0.03430293214414615,0.04981816055932842,0.05493294446201145,0.24418322737143056,-4.921147205416698e-05,0.03925501569969457,0.037903341352293375,0.04033328690543702,0.10825293836347856,0.12261376112026104,0.10916981990445146,0.3648843586814099,-0.7118448514630875,-0.12168646281366999,1,1,0,0.006619642000259773,34,0.0,0.5896955660178017,0.17314553848735442,0.23318413509528593,-0.22481120733639182,-0.884990389950442,-0.3548705979089559,0.3648843586814099,-0.7118448514630875,-0.12168646281366999,False,False,False
1790677941.236241,APPROACH,0.009906354000000001,0.007992510000804032,0.04384541342410908,0.035428888806546155,0.05232325467475074,0.16543387739597606,0.0003430950360201676,0.3650778055980544,0.0403358484108263,0.039127557210607476,0.041423274061489115,0.10995743894081318,0.12454438055450599,0.11088875727342945,0.5782544186050739,0.31543148870531124,0.07072252267483006,1,1,0,0.006812716999775148,34,0.0,0.589896430148847,0.17998374183573743,0.23658932344805858,-0.011642011543773076,0.13544774686957378,-0.16586680077322852,0.5782544186050739,0.31543148870531124,0.07072252267483006,False,False,False
1790677941.2462575,APPROACH,0.010016573,0.00912795099975483,0.045151822098800976,0.035459483217006316,0.05497503529185521,0.1282238366624313,0.01657695737963489,0.25010628888054787,0.04144588610401215,0.040384852380645035,0.042542713560169136,0.11168312576922691,0.12649899680554058,0.1126290603369532,0.8749012473871887,1.1877302136702277,0.48575890463326743,1,1,0,0.008012910000616102,43,0.0,0.5900951147925474,0.18699442345630388,0.24008072580087025,0.28480613259464127,1.0007357902139238,0.24567817883239718,0.8749012473871887,1.1877302136702277,0.48575890463326743,False,False,False
1790677941.256237,APPROACH,0.009979362,0.00880828599929373,0.045786217308511956,0.03618083825029306,0.05554495583430241,0.06061743387622069,0.1636774523947411,-0.03879132988795769,0.042568999344448376,0.04165695769857616,0.043675339353466715,0.1134043614761281,0.12844857144977814,0.11436487457882241,0.928753245736184,1.230097411745039,0.6864717602284718,1,1,0,0.007623853000040981,41,0.0,0.5902884725246879,0.19407544975710087,0.24360745296015543,0.3384647732114962,1.036021961987938,0.4428643072683163,0.928753245736184,1.230097411745039,0.6864717602284718,False,False,False
1790677941.2663302,APPROACH,0.010093188000000001,0.007755091000035463,0.04613350830240104,0.0392439223416341,0.053371116345122926,0.011160101834041501,0.3143849577979401,-0.26018214659207617,0.04372240369360965,0.04296337254034494,0.04483851281534688,0.11514695360957387,0.1304223356617291,0.11612222613205626,0.6927166968264477,0.35954703492035345,0.49131846545978075,1,1,0,0.006661360999714816,34,0.0,0.5904791943085885,0.2013350826451175,0.24722339782844105,0.10223750251785912,0.1582119522752359,0.2440950676313397,0.6927166968264477,0.35954703492035345,0.49131846545978075,False,False,False
1790677941.2762632,APPROACH,0.009933135000000001,0.007733029999144492,0.04713937109029476,0.04234260648829924,0.05234172829196537,0.17806339574378147,0.12903447132818843,0.17659935032960059,0.044874697438239367,0.04426852944490861,0.04600056626608897,0.11686334644999814,0.13236642498536177,0.1178531564893021,0.3229574000505069,-0.2895083564087372,-0.005074878757067969,1,1,0,0.006538227000419283,33,0.0,0.5906619555453297,0.208575618496287,0.25083005361159233,-0.26770455549482286,-0.49808397490502415,-0.2559049323686603,0.3229574000505069,-0.2895083564087372,-0.005074878757067969,False,False,False
1790677941.2862282,APPROACH,0.009964965000000001,0.007821688000149152,0.04974116730662792,0.0424610709984341,0.05664793251839462,0.25609238574396087,6.995518752027363e-05,0.4552731047065922,0.0460478208722653,0.04559727930314584,0.04718362582968517,0.11858641268397467,0.13431807299419277,0.11959081676245845,0.23425304096347993,-0.353369295307821,-0.21581972445412123,1,1,0,0.006747994999386719,33,0.0,0.5908401965325576,0.215935005419579,0.2544960988778671,-0.35658715556907766,-0.5693043007274,-0.47031582333198835,0.23425304096347993,-0.353369295307821,-0.21581972445412123,False,False,False
1790677941.2962818,APPROACH,0.010053613000000001,0.007646406000276329,0.05199132521101446,0.04252930303394997,0.06096152466257432,0.1574519111824032,0.03508506635929967,0.3284433239758088,0.0472487853595261,0.04695756360564189,0.0483947622548756,0.12032574048839624,0.1362881398315944,0.1213448763384299,0.5850429260284391,0.357495696481964,0.11127902255516972,1,1,0,0.006547365999722388,33,0.0,0.5910146486764146,0.2234568589628258,0.25824323048773706,-0.0059717226479755,0.13403883751913823,-0.14696420793256734,0.5850429260284391,0.357495696481964,0.11127902255516972,False,False,False
1790677941.306278,APPROACH,0.009996204,0.007576062000225647,0.05256574377071099,0.04421202668800017,0.06155700405967912,-0.00820257887837762,0.2352748445060434,-0.11473490633951319,0.048460232618626316,0.04832972132332305,0.04961647023896419,0.12205581013003924,0.13824772031937355,0.12308959933676696,0.879297277809098,0.7612552897209601,0.5329271842968551,1,1,0,0.006514251999760745,33,0.0,0.5911825571933588,0.23103224710383438,0.26201714851568686,0.2881147206157393,0.5302230426171257,0.2709100357811683,0.879297277809098,0.7612552897209601,0.5329271842968551,False,False,False
1790677941.316238,APPROACH,0.009960076,0.007516669999859005,0.05257221234856746,0.04675395073026145,0.05984901237478346,0.045927883002822564,0.21399592957546784,-0.11376810006973778,0.04968450427098159,0.049716404716841356,0.05085111123644904,0.12378004374441735,0.14020069057316029,0.12482843687781207,0.8296184309834094,0.901728296387527,0.6257040315854481,1,1,0,0.006417188999876089,33,0.0,0.5913441598387238,0.23867581779097377,0.26582511346298565,0.23827427114468552,0.6630524785965533,0.35987891812246237,0.8296184309834094,0.901728296387527,0.6257040315854481,False,False,False
1790677941.326283,APPROACH,0.010044816,0.0077895270005683415,0.05437978646290076,0.04746050083776154,0.06150155567406279,0.24226771613240328,-0.005651352002348502,0.30432885049439806,0.05093658632825321,0.05113458784049744,0.05211379818762424,0.1255191158615544,0.14217046780383072,0.12658223860087697,0.6485798770920264,1.085520846834795,0.47644206113359355,1,1,0,0.006688391999887244,34,0.0,0.5915011726510996,0.24648087818043285,0.2697135740532554,0.057078704440926824,0.8390399686543623,0.20672848708033814,0.6485798770920264,1.085520846834795,0.47644206113359355,False,False,False
1790677941.336273,APPROACH,0.009990043,0.0069015660001241486,0.0569598871160355,0.04743907176943285,0.06496972019418101,0.2541334646035323,0.030326879469831855,0.337327444590872,0.05219916679174968,0.052564662087779886,0.05338707246450327,0.12724862341721555,0.14412941163936419,0.12832639475247215,0.44646621213826565,0.49050880610644165,0.20709189736197864,1,1,0,0.005808316000184277,26,0.0,0.5916511821311409,0.2543392837353458,0.27362861543255096,-0.14518496999287522,0.23616952237109587,-0.0665367180705723,0.44646621213826565,0.49050880610644165,0.20709189736197864,False,False,False
1790677941.3463743,APPROACH,0.010101444000000001,0.0065785340002548764,0.05815973451998668,0.04836180536680601,0.06627670469238711,0.09990591959646386,0.21889194558679015,0.04988008929341184,0.053493393001714705,0.05403058020273582,0.05469226052122922,0.1289970816003491,0.14610982009050172,0.13008966203970498,0.540191943375829,0.15197271760392383,0.21780105204142242,1,1,0,0.0054385559997172095,26,0.0,0.5917964174726347,0.262382372825166,0.27763563051633483,-0.05160447409680566,-0.11040965522124217,-0.05983457847491241,0.540191943375829,0.15197271760392383,0.21780105204142242,False,False,False
1790677941.3562794,APPROACH,0.009905031,0.006968992999645707,0.058407024690943166,0.05142117443258254,0.06561954609738119,0.020998419270616017,0.2705102218852663,-0.022995696942757438,0.05477960172560121,0.05548741723280227,0.05598936318531354,0.13071097126400816,0.1480510741662181,0.13181806801876048,0.6313180254010664,-0.0005137117447179818,0.18893850716897975,1,1,0,0.0058731889994305675,29,0.0,0.5919323228223866,0.27036362371628503,0.28161176450916503,0.03938570257867983,-0.270877335461003,-0.09267325734018529,0.6313180254010664,-0.0005137117447179818,0.18893850716897975,False,False,False
1790677941.3662786,APPROACH,0.00999931,0.007600017999720876,0.05921947757246104,0.05327692998786571,0.06688596060869112,0.14902582099436382,0.07224027760670856,0.2767401080532339,0.056095268364852534,0.05697762006200771,0.05731617326763292,0.13244035705099344,0.15000988007925672,0.13356210137032257,0.7001157195795192,0.6518731159375297,0.2877743023869735,1,1,0,0.006510915999569988,33,0.0,0.5920627715972898,0.2785155744277274,0.28567282423638624,0.10805294798222938,0.3733575415098023,0.0021014781505872436,0.7001157195795192,0.6518731159375297,0.2877743023869735,False,False,False
1790677941.3762813,APPROACH,0.010002517,0.008792175000053248,0.06143998804242545,0.05334688550252498,0.07062921501719788,0.223471478049862,0.020683892691607093,0.31285452585459944,0.05742865283571604,0.05848789116839535,0.05866085124818621,0.13416923402007797,0.1519681096746685,0.13530562159439424,0.7121386835497867,1.139872270469115,0.477040187487385,1,1,0,0.007670672000131162,42,0.0,0.5921862571517891,0.28676511208585287,0.2897823429711191,0.1199524263979976,0.8531071583832622,0.18725784451626593,0.7121386835497867,1.139872270469115,0.477040187487385,False,False,False
1790677941.386308,APPROACH,0.010026711,0.009543036000650318,0.06297378046720392,0.053883118213349235,0.07225564684954366,0.18831648362262213,0.11690600704947773,0.1321946017903191,0.05878261204052965,0.06002146645064933,0.060026278226723934,0.13590098308403328,0.15392959237673703,0.1370520382394272,0.7220855980016921,1.1734775735679546,0.6068169010489106,1,1,0,0.008275477000097453,40,0.0,0.5923027848888104,0.29512965944028324,0.29394895523303666,0.12978281311288176,0.8783479141276712,0.312867945815874,0.7220855980016921,1.1734775735679546,0.6068169010489106,False,False,False
1790677941.3972504,APPROACH,0.010942677000000001,0.009648866000134149,0.06342455577706185,0.054228540072164044,0.07249024365825707,0.16966894652766631,0.1596259772045285,0.059037992241998655,0.060280065242628786,0.061717571627900564,0.06153641456907065,0.13778915214802134,0.15606824573863604,0.13895619973177034,0.8555714808258237,1.5338864300401112,0.8049369632297103,1,1,0,0.00822442000026058,42,0.0,0.5924213974152359,0.30436658745553813,0.2985498465198783,0.2631500834105877,1.229519842584573,0.5063871167098319,0.8555714808258237,1.5338864300401112,0.8049369632297103,False,False,False
1790677941.4077175,APPROACH,0.010467175,0.009277873999963049,0.0642822287434448,0.056042765153216934,0.07210141356190891,0.08193305308226652,0.2864761982612375,-0.09741049415970701,0.06173177218842058,0.06336186185557341,0.06300041719312874,0.139593255963983,0.15811168176606033,0.1407755839596253,0.832177525399945,1.0806599087189674,0.7114262261457467,1,1,0,0.007860971999434696,40,0.0,0.5925262244629965,0.31330749027848936,0.30300296559520806,0.2396513009369485,0.7673524184404782,0.40842326055053857,0.832177525399945,1.0806599087189674,0.7114262261457467,False,False,False
1790677941.4177735,APPROACH,0.010055767,0.010713271999520657,0.06490776219333383,0.058459753839655626,0.07178379331593354,0.06883686355425891,0.28754690868548294,0.01322043301683512,0.06314419496036998,0.06496165647527351,0.06442480291395719,0.14132433782502493,0.1600724087541512,0.14252132775066467,0.7161324616662864,0.44808554711480586,0.3803351528771739,1,1,0,0.006946300999516097,33,0.0,0.5926187292651116,0.3219936292017276,0.30732885105018887,0.12351373240117482,0.12609191791307825,0.07300630182698502,0.7161324616662864,0.44808554711480586,0.3803351528771739,False,False,False
1790677941.4292812,APPROACH,0.011507756000000001,0.008768599999712023,0.06585538266019397,0.06120662386985476,0.0731292249328781,0.15939579372258744,0.16949229906849214,0.33653979900895004,0.06478190629013224,0.06681662640779557,0.06607638534329792,0.143302527276108,0.16231302459767968,0.14451627208544573,0.48683871835188686,-0.19498747961309087,-0.07767803709678084,1,1,0,0.007222313000056602,35,0.0,0.5927144138846796,0.3320497325763528,0.3123365323074849,-0.10587569553279272,-0.5270372121894437,-0.39001456940426577,0.48683871835188686,-0.19498747961309087,-0.07767803709678084,False,False,False
1790677941.439417,APPROACH,0.010136049000000001,0.008892443999684474,0.06773385825004108,0.0617679874860384,0.07740427986004561,0.2893731579322913,-0.0038334421307688604,0.66439057862459,0.06624324640120827,0.06847182773538725,0.06755010272369508,0.14504213139746053,0.1642834044081856,0.1462706103186993,0.4326468584367881,0.009128685690748706,-0.19648678617694093,1,1,0,0.007467457000529976,35,0.0,0.5927894159539581,0.34100904500191415,0.3167975648457413,-0.16014255751717,-0.33188035931116544,-0.5132843510226822,0.4326468584367881,0.009128685690748706,-0.19648678617694093,False,False,False
1790677941.4491086,APPROACH,0.009691407,0.009117120999690087,0.07119155595220916,0.06179592494717756,0.08428985838133207,0.32334654128307866,0.016700715680913227,0.5393823214392071,0.06765695779384337,0.07007308192404983,0.06897578797957829,0.1467027505296915,0.16616432108970264,0.14794529457518418,0.39473978045720304,0.29633891331106876,-0.005640769761061815,1,1,0,0.007884967999416403,37,0.0,0.5928527567931154,0.3496641682788454,0.32110667140440685,-0.1981129763359124,-0.05332525496777661,-0.32674744116546867,0.39473978045720304,0.29633891331106876,-0.005640769761061815,False,False,False
1790677941.4590595,APPROACH,0.00995117,0.00889500900029816,0.07427172824609829,0.06299712742795993,0.08759339017183954,0.17432324025235166,0.2879208880363176,-0.07855761049333809,0.06912529375065218,0.07173620716549073,0.07045656045917437,0.14840493925777126,0.16809232198502785,0.1496619005139893,0.4747677641259481,0.4927000605429061,0.45524635533499547,1,1,0,0.007500079000237747,34,0.0,0.5929090397746183,0.3586412302457967,0.32557554188168747,-0.11814127564867018,0.1340588302971094,0.12967081345330797,0.4747677641259481,0.4927000605429061,0.45524635533499547,False,False,False
1790677941.469203,APPROACH,0.010143312,0.008913184000448382,0.07487308854407071,0.0679096877541614,0.0829089363701383,-0.04746593258236702,0.6163964593226937,-0.7375819167069503,0.07063939715174014,0.07345117135527576,0.07198348802448888,0.15013669889283524,0.17005381666056715,0.15140832781966618,0.5193833559257541,0.1437141818102633,0.7414380364247874,1,1,0,0.007523692999711784,35,0.0,0.5929570257714689,0.36788497433596185,0.3301765778302589,-0.07357366984571484,-0.22417079252569855,0.41126145859452856,0.5193833559257541,0.1437141818102633,0.7414380364247874,False,False,False
1790677941.4788592,APPROACH,0.009656091,0.008094865000202844,0.07399142799394798,0.07425187892518093,0.07489606200369692,-0.04876343328070558,0.5722124575108292,-0.670432296034848,0.07209707690499065,0.07510222674238014,0.07345351404453465,0.15178197103580254,0.17191735042293263,0.15306753510084375,0.5313016846592572,0.08244693065093106,0.7240056688701118,1,1,0,0.006924930000423046,34,0.0,0.5929936644825157,0.37677182738618087,0.3345993698150455,-0.06169197982325848,-0.2943248967352498,0.3894062990550662,0.5313016846592572,0.08244693065093106,0.7240056688701118,False,False,False
1790677941.4875543,APPROACH,0.008695151,0.00804480000078911,0.07504243604454142,0.07711031087030928,0.0734468708397713,0.3058153008736006,-0.07298365527059197,0.5153538373326596,0.07342327451146236,0.07660435757574553,0.07479094428933876,0.15326058419700855,0.17359211624156237,0.15455867183077912,0.6694607326344999,1.2253068358506514,0.4921092610822962,1,1,0,0.006919119000485807,34,0.0,0.5930189156896676,0.3848466390012472,0.33861748433504496,0.07644181694483237,0.8404601968494041,0.15349177674725123,0.6694607326344999,1.2253068358506514,0.4921092610822962,False,False,False
1790677941.4963427,APPROACH,0.008788027,0.00809337200007576,0.0793912227731759,0.07363692109995146,0.0839404211411503,0.5540572246922838,-0.5919831837553066,1.524181766115524,0.07477668828784856,0.07813731507309762,0.07615582121977534,0.15475201825774196,0.17528140377882412,0.15606273805079188,0.9542721666592199,2.463816426032423,0.31760012757354755,1,1,0,0.00699431100019865,34,0.0,0.5930368024978796,0.3930770131190617,0.3427124497159172,0.3612353641613403,2.0707394129133614,-0.02511232214236965,0.9542721666592199,2.463816426032423,0.31760012757354755,False,False,False
1790677941.506258,APPROACH,0.009915351000000001,0.009247106000657368,0.08469099520660062,0.06794228809745473,0.10138652029540984,0.07844490243860452,0.02639366443253391,0.6184226852917476,0.07631943609335373,0.07988472363080228,0.07771163580209625,0.15643099829893295,0.1771831171254406,0.15775593872959975,1.079461277776368,1.1875103133978866,0.17999036736348356,1,1,0,0.008061882000220066,41,0.0,0.593047547466477,0.4024463981755531,0.3473734017932419,0.48641373030989093,0.7850639152223335,-0.16738303442975833,1.079461277776368,1.1875103133978866,0.17999036736348356,False,False,False
1790677941.5162694,APPROACH,0.010011483,0.009356243000183895,0.08190829612132933,0.07389279630777423,0.09707767910014531,-0.6971087916007391,1.3181073211722425,-1.5412263712342027,0.0778940106977399,0.08166818112698576,0.07929954675015558,0.15812198755454038,0.1790984328275216,0.1594612503385575,1.0703873773031747,-0.8029404499800965,0.6847399620782322,1,1,0,0.008263814000201819,37,0.0,0.5930479930046567,0.41199563479757,0.3521229965079905,0.4773393842985179,-1.2149360847776665,0.3326169655702417,1.0703873773031747,-0.8029404499800965,0.6847399620782322,False,False,False
1790677941.5263455,APPROACH,0.010076256,0.010392363999926602,0.0723088814483368,0.09215819455441299,0.07285961099607419,-0.9427155347005429,1.9564855882151766,-2.7006035315129053,0.07949584386224391,0.08348251330083897,0.08091494713308763,0.1598193666120822,0.18102098600195057,0.16117300586984148,0.6634905404896696,-2.793239681793435,0.5772998536263982,1,1,0,0.009277102999476483,43,3.3306690738754696e-16,0.5930376156036735,0.42169640298423183,0.35694706363344314,0.07045292488599614,-3.2149360847776665,0.22035278999295507,0.6634905404896696,-2.793239681793435,0.5772998536263982,False,False,False
1790677941.5371952,APPROACH,0.01084946,0.011437332999776118,0.06817351661917104,0.10684923984452865,0.05361553854531009,0.6060682458576871,0.09274780440848365,0.26502918225847016,0.08123968815944281,0.08545769578844721,0.08267356145566047,0.1616416384855814,0.18308500025940358,0.16301071203518258,0.1634669081261776,-0.7826945294220704,0.08254274950446316,1,1,0,0.010359631999563135,48,3.3306690738754696e-16,0.5930139832401813,0.4322415553555965,0.3621899595115083,-0.4295470751140037,-1.214936084777667,-0.2796472100070451,0.1634669081261776,-0.7826945294220704,0.08254274950446316,False,False,False
1790677941.5492003,APPROACH,0.012005287,0.011136101999909442,0.0878837416773448,0.09168805352003417,0.08336242110492775,2.254079919751493,-2.1116409383209898,3.880881591521395,0.0831923127070899,0.08766935529129476,0.08464272435719664,0.16365124877144088,0.18536120522215332,0.16503734333315967,-0.33657470908458387,1.229093978805521,-0.4115975614002011,1,1,0,0.009994050999921456,38,9.829914660031136e-13,0.5929723660296342,0.4440300635833086,0.36804964860748646,-0.9295470751142181,0.7850639152222124,-0.7796472100076876,-0.33657470908458387,1.229093978805521,-0.4115975614002011,False,False,False
1790677941.5610204,APPROACH,0.011819927000000001,0.010788653999952658,0.11475699409526885,0.06601185233832396,0.13077956988650175,2.0189403543405073,-1.9220624030349414,3.594575781151221,0.08513831595077108,0.08987351510872911,0.08660520987359742,0.16562251411388168,0.18759397840555755,0.16702530491343168,-0.34998664138213986,3.2408225792536345,-0.18347547651145563,1,1,0,0.009582480999597465,43,5.551115123125783e-16,0.5929150682287442,0.4557586640314234,0.373878039973702,-0.942901709610884,2.785063915222211,-0.5573535164851576,-0.34998664138213986,3.2408225792536345,-0.18347547651145563,False,False,False
1790677941.5724907,APPROACH,0.011470295,0.01210713099953864,0.1310049500190107,0.05210768336578564,0.1584327320819836,0.30311221770707103,0.1756754640645632,0.10999500744887247,0.08704899143286597,0.09203766058765646,0.08853206840907457,0.16752819988253043,0.18975247223620823,0.1689471314735507,0.14994183399276112,1.2523190769422248,0.32223603627121117,1,1,0,0.010889856000176223,48,3.3306690738754696e-16,0.5928435436036452,0.4672551617200138,0.37958955275636885,-0.4429017096108841,0.785063915222211,-0.05735351648515767,0.14994183399276112,1.2523190769422248,0.32223603627121117,False,False,False
1790677941.58531,APPROACH,0.012819409,0.01178873799926805,0.11910629870002665,0.07355165202959846,0.12833388228380627,-1.682951579059072,2.474043814082062,-3.664881107262835,0.08921020892679554,0.09448558495382785,0.09071159099897814,0.16964916701093447,0.1921548066278426,0.171086062785084,0.6498428123937514,-0.7346996287431606,0.8286832917100786,1,1,0,0.010476544000084687,41,1.230682222796986e-13,0.5927445220046181,0.48023645603460946,0.38603680819511316,0.0570982903891333,-1.2149360847777702,0.4426464835149654,0.6498428123937514,-0.7346996287431606,0.8286832917100786,False,False,False
1790677941.5978508,APPROACH,0.012540922000000001,0.011884169000040856,0.09434320851133449,0.10658608082278587,0.07925683072914835,-1.9453963885409662,2.416015246001725,-3.5215350975581616,0.0913507271401377,0.09691006407515255,0.09287023898937392,0.17171460688309997,0.19449424752360497,0.1731689965352117,1.1497258955642828,-2.7218662364089594,0.837153575699574,1,1,0,0.010615226000481925,46,9.769962616701378e-15,0.5926276051751505,0.4930698483688116,0.39240852869296605,0.5570982903891323,-3.2149360847777713,0.444745047006608,1.1497258955642828,-2.7218662364089594,0.837153575699574,False,False,False
1790677941.6106095,APPROACH,0.012758664000000001,0.010911817999840423,0.07684767325508424,0.12566403856398978,0.054295735906419784,-0.279174856122704,-0.03022995922671296,0.5839777310915512,0.09355492811395212,0.09940667410486706,0.09509310912095936,0.1738058991181582,0.1968629703538445,0.17527800161276724,0.6495860162566489,-0.708675370738982,0.34370053479860896,1,1,0,0.009689484000773518,40,2.2426505097428162e-14,0.5924877258675191,0.5062607140388041,0.39895548779201195,0.057098290389129884,-1.2149360847777861,-0.055254952993402974,0.6495860162566489,-0.708675370738982,0.34370053479860896,False,False,False
1790677941.6221368,APPROACH,0.011527393,0.01127143900066585,0.08689720050440708,0.10738232337637932,0.09095156400193782,1.7693143623506786,-2.6953846082295763,4.974306119320328,0.09556930373250633,0.10168827656881654,0.09712454611308144,0.17568634613261233,0.19899287725997775,0.177174375651304,0.14944098510018106,1.303358045600189,-0.15032904083943044,1,1,0,0.01010887700067542,33,6.981082378842984e-13,0.5923426947110367,0.5182941303781257,0.4049259121532395,-0.4429017096108557,0.7850639152220633,-0.5552549529926699,0.14944098510018106,1.303358045600189,-0.15032904083943044,False,False,False
1790677941.633979,APPROACH,0.011841988000000001,0.009123522000663797,0.11072097950710691,0.07248722111930306,0.15449136394655816,2.0380022964127837,-2.968303479547738,5.398341714265376,0.0976611719381386,0.10405765177782239,0.09923413203957089,0.17760885946982533,0.20117043100256582,0.17911317230625243,-0.0739530811276613,3.3158328190755038,-0.6441417910798796,1,1,0,0.007996649000233447,27,1.0047518372857667e-13,0.5921747838784528,0.5307689038535061,0.41111316191269764,-0.6661278650061141,2.785063915221998,-1.0552549529925772,-0.0739530811276613,3.3158328190755038,-0.6441417910798796,False,False,False
1790677941.6436775,APPROACH,0.009698651,0.008440620000328636,0.12682050118199473,0.048727038713341386,0.19829804748858737,0.9989173373779369,-1.5800181846705035,3.0830719668280264,0.09939134413856701,0.10601734842982401,0.10097895846534652,0.17917619630838677,0.20294569057171571,0.18069378418600435,0.42589477733385395,3.576773881089749,-0.1390342579242409,1,1,0,0.007316541000363941,25,7.505107646466058e-14,0.5920226423399539,0.5410701901672206,0.4162206950683795,-0.16612786500609997,3.0357036909225283,-0.5552549529926204,0.42589477733385395,3.576773881089749,-0.1390342579242409,False,False,False
